feature_0,feature_1,feature_2,feature_3,feature_4,target
1.105900424357309,0.19650390529872286,-0.5639474880582432,-1.8341912986189612,0.8242078575325074,1
0.6102161695892225,1.2996720373856145,0.15697296096843422,-0.38673609961891287,-0.029016674552728827,0
0.7751554940347831,1.0263186390518904,0.5530400858523584,-0.8644735779586534,-1.9583948910281745,0
-0.09294420661358828,-2.1665263123481386,-0.23950192202174977,-0.7458019623023884,0.4079740028173162,0
1.3934545275244314,-1.8444899470793759,0.7105491022977853,-2.0582848558578988,-3.483590794902198,0
-0.0739475656083926,0.7292692200425892,-0.4516594761596227,-2.066317054098396,-3.650107454388794,0
-1.7760117540484022,1.8963994249223368,1.063940987560856,-0.24449615959670956,1.0500015777150122,1
-1.9093560875072928,1.4793085881256374,1.3183023248526693,-1.010413772214547,-2.042563192696014,0
0.4914294527201998,1.7158390921139062,0.5697603571986469,0.8116885276928683,2.01294962193205,1
-1.0385438208439723,1.8630029701212043,-1.6312758154609455,-1.3626852093272324,-2.749665748457601,0
-1.1793691216326172,0.8874091679520975,0.1722543864110375,-1.021465666944171,0.3111085229566195,0
-1.5171736966716791,0.7304182265288348,0.7505791675217656,-2.0335976293526348,-4.472506243942119,0
-2.3716593608588923,0.19114845754939092,2.0420696529278803,1.4898040425514782,1.7586042844451346,1
-0.6922503292658964,-4.045532204496191,-1.9689231424160831,-0.39447394095933885,-1.2990665467793714,0
3.152056734512085,0.6143188317217958,-1.123494033239598,-1.8439387952258206,-1.7789081340377901,0
-0.9457460606967811,1.2099148345863822,0.6082461916849685,-0.9915117057941052,-1.656139187665377,0
-0.23596998721097162,-2.495714357484741,0.7441857103150346,-0.8749878266468561,0.7696413993364557,0
0.6032475005713938,-0.1827928551024094,0.29815846599052565,-1.5349677993868087,1.2263748188539823,1
-1.307369782230964,-0.20623070884411265,-1.5978721344948377,1.1585987232407966,2.8841788370654995,1
-1.1543626682329844,-0.31122845760902984,-1.7518288067517191,-2.185009352800566,-1.2144681510370539,0
0.30170000890173554,-0.49292820477490584,0.1755362295785979,-1.396878603715871,-1.9177406656195282,0
-0.08923415422144892,0.01524406154660285,-0.03757064497948127,-1.0141582495556023,-0.2564299566708321,0
0.7821300015314592,1.874576683319979,-0.7908993816675531,0.23136318372850728,1.1031768511849291,1
0.18517553682991406,-1.7335390454517525,0.42544486418417227,-4.002684381980789,-1.8666093330442557,1
0.49470565377503245,0.7041457835246445,0.38343503140364416,1.3335959837935878,1.0750846038730055,1
-0.13939720066323416,0.4764333818997055,0.7396531517246714,-0.9752516988580437,0.10691977100321748,0
0.7060789138151315,1.2806304647686098,-0.24268127681203333,-0.8986638719301491,0.6162152255878139,1
-0.06040372919690829,0.8226261020718371,1.1277802506338985,1.3609437001182474,0.8453157740681022,1
-0.8638829605897661,1.251802374611298,1.279464931657751,-0.7109291204407965,-1.0342953215844117,0
3.2430929695947333,0.529831454241789,2.3079162506161106,-1.0937259043871284,0.38604079114131595,0
-0.2788833941507565,0.4692316272530379,0.8451579711843216,-1.4817782605739227,-1.549502766767899,0
-1.6685992588781953,1.9792184953370184,1.0587285298838789,0.05006793622033179,0.5697423340112912,1
0.6549755842216898,-0.5779110058518623,0.8107986455917099,-1.3160634750113736,-2.245271488618916,0
-0.2563406783724922,0.3823399876215001,-0.5380477584901385,1.171494976983713,1.8488215847293377,1
0.9515497705740428,0.9605447279420815,-1.0211624575603002,-0.9767879807045777,-0.46147397096358433,0
1.2949855848169558,0.7824225142815374,0.544220352340347,0.9995056824661726,1.3699464549843243,1
-0.4835614838465371,0.5734628619061783,-0.6121669171548207,-1.7001836510935668,-1.8243962911574538,0
0.2525688459966235,0.910844393127975,1.3845320475939062,-1.7240169721249434,-0.5977073486870657,1
1.9483426447898131,0.2551917073786557,1.0251091525817735,1.6283797235100685,1.4912161776192812,1
0.22668424849459717,-0.09523190929604874,-0.5615577463306254,0.4417003920166275,3.600757532475251,1
-0.04737070254443595,0.926878486920437,-1.5821767633461272,1.1535212021950814,0.9261812793833271,1
-1.6548874362282961,1.1284572952356215,-0.9600462952794637,-1.4710649645529486,-3.378874164629434,0
1.7120402840178925,0.008536906456678817,-1.7476365098282616,-3.2902287101605148,-0.7354634029440534,1
1.2495049007061587,0.3855224654240108,-1.3327773974796497,-1.630202240742582,-0.852791677151301,0
-1.0584406336416528,1.218415501376793,-2.4980610174929394,1.2583706887824575,0.2881971039692266,1
-0.4561208274741882,0.8023537884687209,0.18142662011397137,-0.8500750038519874,-0.8421580143715303,0
0.14125714008746323,0.4536873413776118,-2.1305664798072006,-0.9524572227691737,-0.2289440229700611,0
1.2528426344274837,-1.190588662570931,-0.4482246163001494,-1.1865426434687985,0.32317902304243407,0
0.20232879642280202,0.5478168956302994,1.631856899089109,-0.8233942590983905,-0.4713023935566375,0
-1.8400777445057528,0.683637899144362,-0.032280611049470324,0.12432442325587534,2.3270294862530814,1
-1.2804555710024668,1.8630852718509017,0.18947982122108065,-0.21536405035134676,2.001397845129504,1
1.223083067095325,1.1676261536236385,-0.25885440036983165,-0.928785395361616,-0.5397254526888052,0
0.23402445435314795,2.1591655703588577,-0.24852861807444937,-0.8928397138771582,-2.0817947343835774,0
0.4581681147886987,-0.47010265744401236,-0.9797212247168068,-2.0123840807393307,-0.6638324617427018,1
0.543479378670093,1.3228962501946344,0.1998104337187135,0.4423625481986828,1.4939327050226687,0
-0.3883469383011584,-2.136983741642993,-0.30561911106831297,-1.3365284204914332,0.9657738556422151,0
1.1218578562304709,2.0551138133581857,2.3200407220172594,1.708895977570887,2.817222192152941,1
-1.703871586826719,1.0086341536450623,-0.9244659881295544,-1.340380991653419,-1.3184959825431073,0
0.34980002456790754,1.2237742442027049,-1.0040545968420103,-1.992283186074478,-2.948261015102312,0
1.2066081548639151,0.2810987227214883,-1.5271678565896476,1.098955068267997,2.1169543708612717,1
1.3995946451457935,1.9150766592372266,-1.342127748485115,1.7563567418177546,3.084809510079403,1
-0.8153756283161211,0.0711814912948312,-1.066234931899225,-1.0674448364731628,0.6956204308338747,1
1.2005316584738726,0.5901157578408912,0.14035986984804696,-1.3158346728855732,-2.0313412525207446,0
0.20475888240178416,-1.2618272384309754,0.7658782794806148,-1.0217502546726958,-1.0542169121609803,0
-0.1108125602790875,1.5112020449430679,-0.3882430535215389,1.0667629133410297,0.030978141129873737,1
-0.6108576398050658,0.5345911674955339,0.5044832563830169,1.348326914531168,1.3667573547117828,1
1.0126374096440718,-1.6185208128135387,-0.1581538443723203,-0.628217295630352,-0.1071018895501703,0
-0.29737607924310644,0.8702155018652145,-0.24638340251454802,0.8016387171577086,1.4805840209520134,1
-1.3957892021924851,-0.28701254015247535,0.5913492417584003,-0.9257348184481697,0.09079465350504545,0
-0.484173951248737,1.8985673079241496,-0.966246319753254,0.478914685178243,0.10580065974505382,1
1.1701987091966037,0.43062334518235124,0.13429649724779288,0.847109135826988,2.732989357481702,1
-0.7999405067019342,-0.2279799097508769,-1.9080021371233076,-1.667974216335782,-1.4312778137139466,0
-0.005560293648070566,1.3304898203186617,1.1785126897984228,1.1908640543557536,0.18331847228176112,1
0.7682072166317373,1.1018153421936732,0.21539650545628794,-1.2752333330744607,-2.4001258679642987,0
0.32297450361766816,2.4642580763207027,-0.06100397185538355,1.708556488936174,1.5938785525098533,1
2.1247714030169615,2.821220556139424,1.3313390619884031,1.1927593979896498,1.5152709226349654,1
0.8622235118869771,-1.6590291859503465,-1.4162270557926455,-0.20928184871378508,0.3452592003912527,0
-0.03361256470371301,1.4153011829714124,0.4547409121411344,-1.2004778114799846,-1.273053656921654,0
-0.35084943007647457,0.7782433097596098,-2.2183477600510813,0.7950363889224165,1.6495332772681168,1
0.18106274277108234,-2.0711905409111964,1.3032780373160637,-1.091762749190151,-1.961490011664668,0
0.45060341286253885,0.727699028516573,-1.869816339532164,-1.5098488495448452,-2.7008783949036292,0
0.33085130461557777,0.011269624032029135,1.451001438131336,-2.3651104073115894,-0.04672064467009496,1
-0.809380821082754,0.15098833841185622,0.9567031863856584,0.19766964541435605,0.04623369004520739,0
-0.8239354869719996,1.3541486468833206,-0.7191094514491859,0.06851615832790836,2.0847493746310293,1
0.8500793324175533,0.7633058863495448,0.41768075223940065,0.22043937274020176,2.4008467171082115,1
1.362562852712452,-2.66500169867877,1.6406145634882874,-0.7957358285951681,-1.7530919626965265,0
-0.8810683366612923,1.3301598886836696,-0.712220763649051,-0.3592709172501325,1.2867558482415224,1
0.3791531187261241,-1.8388239489654545,1.2302221756507876,-1.8070736296060033,-1.7426277670443682,0
-2.018487864388638,-0.5749667919438364,0.14506374595938162,-1.2089209737301028,-0.45148117669863874,0
0.5348173363459102,0.32916881447699897,1.2289805024890619,0.9413031464793982,3.3931130402255416,0
-0.6683451948468017,1.9122529731384246,-0.0610756713523761,1.0261476068611393,-0.6255843465326179,1
0.13988723283912738,-0.38740327381325435,0.996118214911129,-1.2498191259088092,0.18288341331110636,0
-0.12951724686344077,1.2255673019448627,0.5798572852951321,-0.6911706711837171,-0.6540960870219927,0
1.991553302204734,2.24243764646169,-0.8320613048498566,0.5401270933865356,1.2343420705301948,1
-0.7068925679873489,0.7570874463816113,0.8555556590207121,-1.394269590548916,-1.6162780308547373,0
-0.11676591579524663,1.4510220794329496,-0.6355578414044034,-0.12727393927004638,-0.8676575954030357,0
-0.4235985817281771,0.4418118303125316,-1.3656174041901494,0.5594367576938399,2.52352490025781,1
-1.5350402475323597,-0.6620060425315943,-1.8800100339077637,-2.198178877098477,0.28220051253769174,1
-0.8927875154918841,-1.022104946734572,0.5136144642310962,-0.5672462177199371,-0.45688743595311687,0
-0.41790954576589057,0.7177487762878032,-2.025807873111377,-1.1977018251817795,2.091169744373299,1
0.3467099776049199,-0.13343942001240228,2.5115565515844236,0.016838885997555453,1.9890952201275234,1
0.16429476537056906,0.0519850374274744,2.196223142152799,0.8888472074117558,2.780137472401556,1
0.08520944963390106,0.24048323478762557,-2.9911359709007233,-0.7918548429025115,-0.4200827270104369,0
-1.0973683189710666,-0.838122292603403,-1.4769249275319014,-1.3063492833407464,-1.1271751012042635,0
0.4042128652773321,1.192577470217872,0.7158727446909595,0.4339562456118149,1.3829000032381131,0
0.41486550036191044,1.2921290517293804,0.4632885301181062,-0.8135876611999959,-1.8064723733311085,0
0.42069963101847885,1.5103529725324565,-0.5779207768327106,1.3133662110689859,-0.2849531756474335,1
0.2783486346446696,0.7051165289375182,-0.5092133625991345,1.6039429401169352,0.7509871847665885,1
0.0861108682589779,1.1428578521023574,-0.7469232850701676,0.8569191006988637,0.939348359572868,1
0.7978437798957666,0.4402041698821896,-1.8593367716600575,1.7782902692962854,0.9768710437167416,1
0.5320061988219431,0.6023857976756228,0.3616610612470166,-0.9943633732178367,1.1660475134053456,1
0.678946987762233,0.11721962313737644,-0.81240234893742,-2.7948328614225164,0.26601835099871396,1
-0.1421465369405461,0.025500509333435062,0.33868731792169,-1.4531593678272723,-0.5007935218874497,0
-1.1302037246739238,1.7076206952258217,2.411676675578421,-0.9319301485760774,-1.24607412368114,0
-1.500221861446936,0.4773688131824839,-0.7788370428204348,1.3309795854337796,1.4810361605235955,1
0.31635832153614474,-1.13341040885808,-0.8852486861242225,-0.624653581312149,-0.8659518539989522,0
0.018016872044446585,1.603367217487854,0.47263034584340563,-1.661451784727387,-1.6683821819488678,0
-0.09445871444200275,0.3788936356358521,0.41960997202411815,-1.966770395394584,-3.3441725890596405,0
0.5681032051286461,0.8362363244154094,-1.0496554989099411,-1.1372965575506948,-1.200268797636015,0
-0.8051717517428763,0.07209124227526897,1.0768481446576803,1.5898714627541586,1.851714011264873,1
0.6405429350747734,0.6180801598842265,0.12307820165618115,-1.8956548089900775,0.4143331807280435,1
1.0753434019568977,0.009802987947881592,0.2106684652031108,1.0877353298249663,2.5962142018680825,1
-0.7316317389085281,-0.21056586717999493,1.8904406851557827,-0.6231324834460517,0.8885745890334955,0
-1.3734028889697492,2.7787339925819476,0.5199021395287525,0.976095177557569,-2.0436083053733394,1
1.5091310134045506,1.4382506553940584,0.605606232631313,0.9937041147200734,0.25444985898781725,1
-2.077811819856197,0.04947941728638838,-0.3202978045366419,-0.9676548667513811,0.13906114725668806,0
-0.8468509661253646,0.04352264883652934,1.2496189052966666,-2.3380190676941957,0.05158445801693823,1
1.191707497107065,-3.2586431238861016,-0.08371795984921201,-0.7675306573779508,-1.2757831225281566,0
0.43477006455689116,1.1557526168013983,0.47543068252662346,-2.200851096296424,0.1995869220042572,1
1.1801281737415277,1.1117457650252032,1.144293068559939,1.0507588847833316,0.743564594687038,1
0.44130715169924584,-0.002342941141942001,-0.7331561971099966,-2.6231061555807695,0.6803988047484054,1
-0.48720292119492714,1.7374918811407007,-0.3519213178165091,-0.8300323987546626,-0.7667796327361879,0
0.7499002394237105,-1.4572713076084174,0.27926783821652595,-0.8902460762009895,-0.2862638122004735,0
1.4974316831796264,0.7233736189077414,1.8577023435377324,-0.8381769389056678,1.4167041651711898,1
0.5376299029498797,-0.052437785895372624,0.4281862478105761,-1.0692579635539596,0.7440939635006638,0
1.9870611116994412,0.8842287444452076,-0.5309708978119645,-1.2278185265557173,-0.6763144809446572,0
-0.5717460419560614,-0.1347341215124942,0.33260751032419755,-1.082233828674976,-2.247086605893706,0
0.2837510236615011,0.6034731586505215,-0.9878733409007492,-1.035517940920685,1.3838564107320648,1
-1.189232465077129,-1.9695154808117268,1.0539857711828762,-0.3932895313054696,-2.0069532536361208,0
-0.9006713825124801,0.7169174993183289,-0.9642000714232447,1.198153785386409,1.2299102166886902,1
1.813407698515423,1.84826047860335,-0.3428788615575641,1.3199447118581638,-0.8669749697293658,1
0.7828737349485725,0.12435569073369424,-0.43112556957509907,-1.5977644192601754,-2.759191014192335,0
-0.7801991291174627,-0.09785890318816848,1.3305749040390402,-2.5980662295842736,-0.4677857385699862,1
-0.772659445270824,1.926005484610259,0.8301918118626102,0.09577703121147363,1.3265845969843908,1
-1.5375847964491753,-1.146879681612194,-0.1449045790814313,-0.5585020488958667,-0.41576621904500966,0
-0.1115088271429437,1.3459296757991457,-0.8049664808525608,-1.920947686455016,0.9721578766939054,1
0.20953423026279433,0.7706289484037665,-1.0916251721591026,1.3500153652937423,0.9524900947483735,1
1.4185313451480366,2.34103622346154,-2.4878086565350794,-0.11628859558335447,1.864776253849802,1
-0.09139955750911445,0.8330432160693152,-0.08087849786546131,-0.2886728660536574,1.2583620600925838,1
-1.3569355696995753,0.4976856436634963,0.223153054747697,1.4262487899740863,1.3289668020687961,1
-0.17791787580439816,0.3074365874821545,-0.912810919296513,0.9555923266170284,2.2597763192085205,1
0.3231854824582059,0.6549279546595932,1.2838168598535613,0.9375101241278565,1.6819278544121783,1
-0.3828171896129687,-1.7740510160424774,-0.12372894627483615,-0.5515929509157194,-0.177328120721867,0
0.1455211977682408,-0.9205305331065003,-0.6141225650083162,-2.494500219898068,-0.08144036866772275,1
-0.6143231440962944,-0.6200516572395252,-0.7097889922335351,-1.5975438275554277,-0.8590125795460031,0
1.0973001875437087,1.9175859222787817,-1.5656480316055963,1.140233911091609,-0.7705714711871183,1
0.7313802525749924,-0.3117753361643195,0.5904220612514635,-1.577910975937538,0.342419406313873,0
-1.2070216478572156,3.3163577092394516,-1.0753123930492379,0.5563847889189328,1.1508902847525793,1
2.0931979322099448,0.8953320649098948,-1.5118834195632136,1.073242252788086,1.0954281905187322,1
0.2257615231117544,-1.6527051304950153,0.017613251933657315,-1.2454293415665385,-0.8762992807362558,0
0.6386601686431024,1.106497300305461,1.0581183250871502,0.34164080569029687,1.5933375800104583,1
1.4621959387176369,0.46307605435684507,0.4486357645145273,-1.025597723473558,-0.7643602214605542,0
-1.2693304965466992,1.511569533145166,1.7025146581296056,-0.930364597940665,-1.647562488816647,0
1.1947628618769377,2.092923556746099,0.8946471875738723,-0.039522227362495665,0.9076115802333652,1
0.7127120288613313,-0.26424676049238993,-1.8831502080585838,-2.0673181701157413,-0.13112834453082334,1
-1.7422216926352752,0.8209933040193652,-0.5460417988167212,0.8073994028432762,1.5470413263159373,1
0.3556689485632294,-1.5343550463815632,0.19157739619408962,-0.31234383691020395,0.5146694049751677,0
-0.11622904312195817,0.6173595582617735,0.21471318317052634,-0.726648272470215,-0.4947427725433281,0
2.169936588080543,0.1699348279098436,-1.423682636883923,-1.2086773837159475,-0.8777855458151562,0
-0.1643352058853912,-1.1240918861386835,0.21209335307417523,-1.0391524981372433,-2.5688932357471663,0
0.33417641724489744,0.7218095254392727,-0.15525904882474875,-1.3609076963992481,-1.14907849680954,0
1.146030144142065,1.4712580187038733,-0.7773714848459066,1.0808909121855923,0.07690309939340556,1
0.9778155496862003,1.4552476253367146,-2.1056469418403245,0.6270499055886247,1.4719672082638837,1
-0.45909031021899177,0.28844505393318054,-0.6946003691631446,-0.1791610411456227,1.7892223432179568,0
1.897767016745977,0.9722692315611814,-0.9478927172689863,0.35378134674264805,1.6494239196295843,1
-0.5262478565174211,1.2352538358200482,1.3883377782084478,-1.9709158917335081,-2.448008048555586,0
-0.38502181171286365,1.2242185381885144,0.38298898474092846,-0.5018018050144321,-0.9745442870626634,0
-1.6158867874104728,-3.178761019906277,0.29964768783734813,0.18018602583373178,-1.8839793614728397,0
0.1566937282465246,-0.14422886412659097,1.0235306441853447,-3.4349155490418926,-2.119392676083435,1
-0.5256309339853844,1.8760192678364285,0.032407013340136216,0.8937216047621881,-0.38275386562788527,1
-0.5938114080687051,1.298691159373908,-0.16563141031763223,-0.9226699897113108,0.5009742555769826,1
-1.1195461283831687,-1.1979981382400724,-0.39352985596972884,0.04053384286560835,1.1588181467565972,0
0.09175248444837286,0.6129354732286811,0.2522403964266774,-0.745330523453462,-0.44771626080186255,0
0.3676198402097109,0.9379141993617482,0.1480894197982762,-2.2088947375124857,-0.5353172583410053,1
0.04351466864346608,0.7246199218226673,0.5581395145185063,-0.4429907247543323,-0.6847048967047268,0
-1.8437935834807457,-1.0442146095435871,-0.8903178480198718,-0.10035472718007854,0.19473141909151548,0
-1.9122549754197768,1.0428760533878718,-0.06863404608546861,-0.8783369249863394,0.1770569734824794,0
0.9577916144729056,1.4673342374934082,0.20760335140062577,1.1798713350943877,-0.04408225973512625,1
-2.169677417725702,1.858801323062913,-1.1941894010922893,1.037510070258754,-0.5325565787906756,1
-1.3683150388328105,1.0365267088448324,1.987275999230808,-1.1356586192483067,-0.797765997558166,1
-0.3596296724524624,0.669628866498444,0.3011073391917421,-1.3118212272028198,-1.575434223188159,0
-1.8179792253871547,-0.025735615169137027,0.7597122954841684,-1.2437558568079263,-0.7055237247137536,0
-0.7188323876087304,0.755159203072208,0.7450053128772811,-0.7865644556949194,-0.41672734728601546,0
-2.0755880090785332,-1.121187460347821,-0.08606969279089306,-1.6167562678562177,-2.255243900443701,0
-0.1767741631157821,1.01406906791615,-1.5486182988637467,-0.14639517438241623,0.8933109088594386,0
0.18383451632250436,1.1455700268792546,2.6930336639804966,-0.6394618625385313,0.6529314492228129,0
1.1535903433169254,-1.265840936938846,1.3863493972628433,-2.99146458561995,-0.8742070278670551,1
0.3361449630262288,-0.2267185605647215,-0.22747625995340778,-2.4820327012874257,-0.20664678864593067,1
0.018819049740598424,0.5979141709249298,-1.1716543473175618,-0.9926285455778887,0.6983977582533858,1
-0.45784838618248924,-1.9136428404090804,-0.15936223214590656,-1.2917373210601455,-1.7766129123561787,0
-1.1036698285303692,1.3375338099299254,-0.33078922432755736,-0.9575516868496786,-0.10106645759529864,1
0.22899639245934025,0.6312920174548267,-1.8579014513982872,-0.8583945940642425,0.9654802885802457,1
-1.7938924978678903,1.4532516381400802,-1.3554475031122892,-0.46620610210662927,1.4723912732898223,1
0.24365722370271442,1.344592266716746,-1.0902084067994298,1.021668492162863,0.368101316750688,1
-1.0022170189267248,0.9575837857153023,-0.752435237353035,-2.3414754492372607,-2.052590672577061,0
-0.5698329282387588,1.2646706713166829,0.32950873557300914,-1.328066881498263,-1.3697368789991213,0
-0.03143917037477642,1.168879546749211,-0.8484286341908146,-0.9000137638572768,-0.9020127613213862,0
0.4535087125544674,1.063695350216188,-0.9822940342546795,-1.475594834243124,-2.2089749082040155,0
-0.8360621521000247,1.2408788267643134,1.4244958212469476,1.3154393131617825,0.1704068178015017,1
0.5950294658355647,1.415524480674644,-0.5574230531083212,-1.1194652301726637,-1.1188650551704042,0
0.32208231076698546,-0.403774398273851,-0.01109200394860206,-1.6512057675860303,-1.6054301060539578,0
-0.8343230454915821,1.4778398833413124,0.7640297815728595,-1.5139495051707015,2.446048621132121,1
-0.5353350870162231,0.6277404513692215,0.35845361820962024,-0.6546862524942827,-0.9008267804325035,0
0.04522270899998256,2.847714542246581,0.05119790188108534,0.7878985939974799,3.9982894625620076,1
0.6654168236917787,1.2191835127908508,1.9412174364637491,-1.3613626573281423,0.734085827171628,1
0.32405702822156063,1.1715540299005571,-1.1476913898156673,0.1549635157657958,0.03971803507766114,0
0.551885971822154,0.605547943139778,0.6802302084176292,0.6173546637203491,2.1671983472980614,1
-0.18315047105329468,-0.7806233456794682,-0.35667313417987123,-1.0704709185007508,1.2255182090218815,1
-0.4911537471421047,1.4705510512148816,-0.28487549336967083,-0.4969077351838407,-0.18125577902817025,0
0.7931756882186773,0.5141200829178854,-0.12205713212127726,-0.9719559741441265,0.027259047562376404,0
-0.2885486958757048,1.3922954866307624,-0.7837535211244283,-1.71853870120544,-3.2152137714576967,0
-0.3899237065594453,1.021061702772089,0.15805348992013185,-0.9772067245267283,-0.9531749825908408,0
0.6789312900592783,2.2155619168428515,-0.13699548944245826,-0.19721374375289602,0.7736891047497079,1
-0.41222074502447015,-1.1201306263737503,0.9134737320174066,-1.0807234540729527,-0.496365662949001,0
-1.1533505105959594,1.0305997697753586,1.1373145423647293,-0.4523294228976177,0.2154092796779702,1
0.6870657958589163,0.8193540791008211,1.466540859278603,-1.250199209061105,0.815282987855849,1
0.39379729821625153,0.34233742432885483,-1.92767257934561,-1.7331139375240632,-0.9141954704051232,0
0.5737444210044131,3.648669155629772,-1.276304416538336,0.6085577625343246,3.1888880811220264,1
0.23278674294016363,1.5432245671224536,-0.7567639770159263,-0.7884767767484738,1.4818026450964796,1
0.5222506360177785,0.9073876352161633,-0.09791524644290406,-1.5330283392583444,1.0804332600067617,1
-0.7811563781311142,-0.9628908151201782,-0.2598001407675125,-1.185697675917961,-1.5722846074135135,0
0.14304876987895235,-0.31722726840206616,0.8496119885162131,-0.7194343217768996,-1.9866098711242817,0
0.508608373233442,0.8351163645151373,-0.4303093199546424,1.00355027394698,1.2756163321887866,1
0.0731969910016945,-0.8471808011441587,-0.15024298879825998,-0.7728475087486781,-1.759926605577133,0
0.5531491563792091,-0.8562078513510653,-0.5482002981667726,-0.9138361940156234,0.0443605422939497,0
1.6296421311127987,1.4328654474943834,-0.3726755839519746,0.8370134139292292,0.45363713228988223,1
0.5565531245337582,0.4239690500476837,-1.3354815690998914,-0.6843252181556344,-0.7264637863657,0
-1.548960525053475,1.6300658258991803,0.2579759812211809,0.48298902747621963,1.458173822587034,1
-1.0105982199289134,2.05044134180054,-0.5152183938082427,0.17209365536616095,0.9271559237103326,1
-0.5966290586117302,1.4314913203855733,2.0979393391324312,0.9726088313307997,0.29351888697419204,1
0.48730523704499484,1.2981523104664674,1.0719298652117972,1.0048048486263224,0.45773176539033944,1
0.6577631761503737,0.7912952949945691,-0.06953228624226938,0.9969445254018737,1.358322284460715,1
-1.0425776946705763,-0.06616202574636487,-1.17223375343664,-1.6581888173210002,-1.2646348499789717,0
-1.7811584144656334,-0.48117171417298255,-2.230468019124459,1.6607737174407764,2.720462118717682,1
-1.5630343065712535,2.0492736717930393,-1.1794596645077804,0.27961240802148346,0.11636517678005942,1
0.7356219972457467,1.376889709849086,1.78179890877106,-1.481134515242197,0.4664901250102639,1
-0.7239903317426091,0.5062195021724198,-0.19539035117702397,-2.0824870882795654,-1.2439232732854228,0
-1.8206033005485172,0.8661059126747224,0.2700573583914221,-1.4836937650319444,-1.3611694005622013,0
-1.8418977729578574,0.07720094462280247,0.8920675997317206,0.9566700727022217,2.655966373558387,1
0.8155010224442626,1.1999685622482814,-0.048088507330772585,-2.5830255552634664,0.855464162857727,1
-0.8451539584261589,0.7756473707865854,0.5533889830744267,1.2137516403003692,1.117451465398352,1
0.9153902755601617,0.66930515261021,-0.5495402745955349,-0.5904506388697606,0.8989962965690721,0
1.1834936668899279,0.5319841076475165,-1.1780408673763807,-1.82396036213445,1.8317855766365572,1
-0.12373268009975662,-0.903052607069274,0.45780560992578473,-1.4866423351120903,-2.717621871104061,0
-0.5501152829365389,0.4433540105629974,-0.14702542343084998,-1.8474158617417218,-0.18459301574920395,1
0.4004813865063287,1.4229987449476047,0.13106518621584873,0.13116203520025227,1.6059121295346586,1
0.8580141953021454,-1.3916958155235706,-0.8281962729652346,-1.1622404594894116,-0.6058751685438646,0
-1.907807557877391,0.7783536028287198,-0.8603850107795019,-1.2853867796407237,-1.8679801441249766,0
1.036087651046256,-0.891383409639674,-1.422974925261673,-0.8704065624961024,-0.4702239571042497,0
-0.6786430612941032,-0.5207411986867443,-0.31823752774262026,-1.0108992743332026,-0.30887559445452595,0
0.46027162498230384,-0.0025185327315470074,0.19484234027013805,-0.8203813202981007,-0.6205970817993061,0
0.47347189903522846,0.4654423226136052,-0.26764109089879357,0.031476918036099644,0.6334279548219088,0
1.6994359830087096,0.9046229116772759,-0.40179502694163366,0.8245370649765567,1.385705724327179,1
-0.6373077470287948,0.7205290136878097,0.45838670355148425,-0.45702231960058093,1.0340864916035684,0
1.667224111551137,1.2582706783476434,1.5232386217122582,-0.8461235509485496,1.1095437269389405,1
2.2816518365388427,1.7850901381729427,-0.6176416769336966,-0.19540736547891524,1.53604459982719,1
-1.8316822472060261,0.4428869121345841,-1.0513099116393445,-0.6122405497576224,0.7361765228558325,1
0.1847104747810833,0.044473151982708514,0.937915537510655,-1.6952658525191413,-0.07902748048099295,1
-0.5984375805810469,0.9086306872161967,-0.9665878909853152,1.3563361587247154,0.6999599545055862,1
-0.37185788227866556,-0.13179305952620202,-0.7284616216803428,-0.9313320595499588,-1.4593515011547034,0
0.2531652380379812,0.26075225455867923,0.820344012612456,-1.0320336177726752,-0.46545973728306833,0
0.8595848723435562,1.7761064480604651,0.0798014840587331,0.980263135433026,-0.3312878322613251,1
-0.9951484818533795,-1.7063928840024665,-0.18150316213566714,-0.9161825607669825,-0.4129759135752469,0
-1.2926253471522626,2.3047921225946784,-0.5321685631271895,1.0420351138592068,2.838376353361509,1
-0.19793772898468187,1.5545802712556893,2.067906338163552,-0.09225463212631146,1.6391932930956021,1
0.690472686121513,-0.14790323394039406,0.26561699317253346,0.9160613907742619,3.0914154075818647,1
0.025210867540082116,0.5107557632407109,-1.5431182279428703,0.7140658614493023,2.210580434283472,1
0.6928575842374367,0.01941872643139564,0.5825713188088052,-1.3737970245743383,-0.7528210297786251,0
-0.13213658890154725,1.6808088261518157,-0.5237313027714218,1.2050122355281085,-0.4458601063576415,1
-0.6862791357550845,1.4931298879324548,-1.4326712897396527,0.8731861277753241,0.30671780004618454,1
-0.10434279298689192,-1.8600514728874717,0.3933070500053236,-1.122756253108188,-2.179170672189464,0
-0.6668487169515637,1.878297988304856,0.1979166673420755,1.2878546822809713,-0.8820843968832675,1
-0.952316380738797,0.29086086719338733,-0.6769951384585313,-1.4807685017264638,0.7309386427511111,1
0.5027844268951942,2.492287127149695,1.7963608229269636,0.6140839377117702,1.6122735598599467,1
1.0487071264165635,1.212039896579218,1.6554071130882952,-0.5667972373795969,0.9364683129727496,0
0.2314459225255723,2.53785646462246,0.6464895377257707,-0.15395093060019904,1.340871259989423,1
-0.9403989164843533,1.6915173900500378,-0.5607609069798603,1.0549999351227182,-0.2679492624080657,1
-1.371673697230466,0.920373116096084,-0.7094410024275466,-2.0360643018817175,-3.1885653677655466,0
-2.0217986399619474,0.7967711967231594,-0.10128071870153288,0.5344748288387069,1.946978928733175,1
-0.002403840918853844,1.6970258221697672,-0.5892716517893062,-0.31254572483042564,1.3239302475711217,1
-0.6039806259692295,0.39036353447948047,-0.22954865536034708,-0.6565325164113154,0.2620110128407831,0
-1.542801515209646,-0.3934194831417277,-0.6327550298850391,-3.3089125136803417,-0.353589922121192,1
2.4851899166788916,0.38561700662909404,0.2647753109779796,-1.2638061969119543,-0.035091292535598284,0
1.3697011076541847,0.7123557304382471,-1.086054582118086,0.9350512734525958,1.5694622775218212,1
-0.1755639454992155,0.0819443098610032,0.6686548047579066,-0.9916492289846306,0.3903966912349701,0
2.184096733380456,-1.9980848228155412,0.570507208354516,-1.0059504825340182,-2.101896761136184,0
-0.7380570836613916,-0.7143041425585615,0.1812511626020504,-1.7556486994673508,-0.973897115417302,0
1.4532754760425446,0.5222379154717001,-0.07823065905851781,1.5256629741785064,1.160794350357908,1
0.29219272832637316,0.20288440531092122,-0.1873290184063747,-1.7639711492789107,-2.186898648633446,0
0.5002404694365699,1.2452095662771434,-0.5336003064391669,0.2868353550344125,1.5976623956760876,1
-0.031058932870901952,0.9732796779241643,-0.9096834169818336,-1.3085296137634927,-1.6149637988066732,0
1.0417246640588513,0.3987572912703028,0.5835443030118876,-1.3235877943225138,-0.6052737619232248,0
-0.13216935564437185,1.3262051767755403,0.07227896538428889,0.37694359122391174,1.2347368983961373,1
0.4258436586298291,0.7903193447405665,0.4182057558879721,-0.45164367312178544,0.21551207897033753,1
-1.317131919946585,1.0105675196320043,0.7760279138434754,-1.0128095316433354,-1.5208862373142216,0
-1.4359095238685275,-1.1474859928929235,-1.3158158164275071,-1.2539312922216115,-1.2463196691562797,0
-0.7330329955239894,0.42282991181951723,1.8180619225578247,-1.2854288716314581,-1.3033558094140845,0
0.045491476330752,1.8097410614619065,0.5583364232117055,0.7186107383256415,-0.029223538485348755,1
-0.45763324933761523,1.0044691291130967,0.18568858041873892,1.1627828741699413,0.7804987402636989,1
-1.6826586941226858,2.141042340277772,-1.0240285908863795,-0.8367050818821151,-0.05672686035341812,1
-0.2798103423770061,1.7540984672734055,-0.9645377949101913,-0.11909820307739405,2.073453840568729,1
-0.48083378951197936,-1.4665006599777763,0.696167997159289,-1.4558149192255432,-2.3575024058476393,0
1.218194711754256,-1.6201995948858832,1.057368305378225,-0.6349859987053357,-0.3624913587049329,0
-0.581782033392054,-0.17690208060329682,-1.1738799644089726,-3.0301238363356493,-0.7966733450729353,1
0.35250496835687956,0.9963512593763318,-0.5703513664136806,-1.1198693998106943,-1.8686119542896988,0
1.6957228778108653,2.493907965213686,1.8972886947731116,-0.1615465948016468,2.5553628987187693,1
0.17528677893392386,3.2042799659291585,-1.3367254388759306,1.8470155476938044,2.5471625444653947,1
-0.9855396007209299,1.6817514952184092,-0.9697437196346744,0.7926369104438958,0.0918143486884141,1
1.2840957939481172,1.4545171325941502,-2.4263920705352082,0.9191341897159512,0.31995592665513983,1
1.3111674978026244,1.1652501002582516,-0.2243189708781048,1.4388581269281144,0.1533920061087507,1
-0.4776455826040052,1.5067201744682102,-1.2551353719733949,0.6814254102728736,3.092646894069634,1
-0.17280173739646437,1.1678150111327528,0.7719201548366751,0.19373484722794787,1.4313650254320673,1
0.990166238959289,1.856793453184161,-0.21713107494620248,0.23376268425677205,0.48996502877688675,1
0.3733485597113982,-1.014291160156679,0.3123782104665717,-1.324058909639425,-0.2741802752001775,0
-1.1115802495135512,0.38570628478507374,-0.035825578706462934,-0.5886436459804771,-0.06485757912688817,1
-0.4500128579958137,0.13213827302588277,1.2571492168625729,-1.3286800850954443,-0.5945988168331411,0
1.2395840064415615,1.4108282336204663,-0.39622967810175985,-1.690152519663334,1.852178315500243,1
-1.9754877712171375,-1.3744254852831743,0.7510994545073101,-0.9388676555665779,-0.8151544843515837,0
0.7324921027798023,1.291070305032308,0.28872366282502326,-1.4389162348265647,-2.66183402153595,0
-1.2172826922204794,-2.5299245385395706,0.15946250680412918,-0.6854948953886112,-1.4479953067396232,0
-2.929448690002268,1.2956325298334843,2.052972024501663,-0.998783631448118,0.933526561365445,1
-0.46580556911816284,1.160815037378236,-0.15083771156669531,-1.530107869950081,-1.5119242740879542,0
-0.8319549174944512,1.25872044421124,-0.6382827265284942,-1.0827847503638268,-0.06398055169693095,1
-0.06468860503251848,0.03296781334097565,0.07287409801551539,-1.1515998053654868,-2.0215466335753165,0
0.8745170741325226,0.9988449429584262,-0.6497652268482671,-1.1587218739100869,-1.191925838400992,0
1.0094717885959688,-2.14020519220952,-0.8449414385934964,-1.044747592415032,-0.4900722811191013,0
0.8929538701087693,1.2460475275555873,1.8296202017160872,-0.7139017457047874,0.639432122757564,1
0.5333592447054494,-1.8636829118862244,0.8394685045184047,-0.18247114261993536,-0.9077207391144678,0
-0.9733788380270346,-0.19786292654687943,1.0071333364731596,-1.6855668513067443,0.383484055895447,1
-0.09363618873917084,0.7860911137497466,1.32579664754219,-1.0378677254522193,0.43808788920798114,0
-0.4611697320346189,0.9309856669242254,0.7565646749131401,1.2578664285000614,0.7847662713858743,1
0.39542098538803816,1.168196120614854,-0.9575689550152119,0.5705700494417638,1.259232625326159,1
-0.7393714074590363,-1.1012035392,1.1918993344135729,-0.8717252742397641,-1.6723997849356533,0
-1.5189108250900678,1.1152581614442592,-2.6307301368290634,0.9279425582862237,0.8937160160403715,1
-1.6566232076777738,1.8544199164151585,-0.5244481362626519,-0.49360747112122494,1.7519726379854406,1
0.4240668615184512,-0.010306682585261906,0.03944704824073949,-1.858344006517846,-1.7003727421400585,0
0.4912076654119963,1.1121490564278875,-0.35802937974698623,-1.0062836700744409,-1.7518681376335055,0
0.5861658003927833,-0.593164717240053,-0.4124138182164804,-2.525639831351708,-2.847626920397551,0
0.9137716213855857,1.0281075309978538,-1.5457297866907331,-0.10507793723732584,2.1820010161809513,1
0.4322629506341555,0.28551907938014165,0.47004418736820214,-0.33489996586240667,2.352927997880988,0
-0.18689615816198485,1.0351674174175847,-1.6304732437151401,-0.5661387732190958,0.06645222449305521,0
-0.3405987069098615,1.418836523160418,0.5001430331138838,0.6230621839359238,0.7576919171988744,1
-0.7625192391465982,0.7042380347936574,1.0363028920724797,0.7830012277094418,1.7967047330708499,1
-0.9163209190734197,-2.00450110785431,-0.8369207037962799,-0.38719936163028,-0.9011682622978376,0
1.5628887685081978,0.11817915701797121,-0.2739930818293042,-1.7291756488548011,-0.7135119245692151,0
-0.9741218462163683,1.3499883249724989,0.7034279167873088,0.32651948171297807,1.2523553863650865,1
0.8794170411374032,3.618699961609607,-1.0773760769847582,1.0694100621765603,2.098143086726753,1
0.8691545924968965,0.49208661179612456,-0.4555395260238707,-0.8489155939562291,-0.4217564742207148,0
-0.08059974929676088,1.686541497014421,-0.8330560570007587,-0.7064843419195677,-1.2990375677094506,0
-0.02230028371805305,-0.6064274919322672,-0.6888855425754056,-0.7954258379546688,-1.0716914976401466,0
-2.0650830462563206,-0.7670862585850151,0.02845758118315888,-0.28802905346412755,-0.6326844350323408,0
-1.0196953197088567,-0.7465184383271477,0.2063617713254507,-0.8295066540054421,0.040661747455660535,0
0.1493634822711889,-1.3634342939407722,0.36414029605466136,-0.1399494636769506,-0.34540849021761244,0
0.19502498402812674,1.162490451777179,-0.7582820688875902,-0.7579891643494813,-0.34155297922534833,0
-0.17537845589869072,0.7176918631153031,0.49150564724678364,1.0563208210352035,1.4237195837805914,1
0.9331280723410693,-1.8730065918059304,-0.22272070077660705,0.5148844506347934,-0.5463763029213284,0
-0.01987363536831157,1.5042097250328905,-0.10726476581094174,0.9671079918178711,0.1767947306212222,1
1.4350873992222355,1.230464763047653,-0.34730228895784293,1.4564871393343068,0.019138328538911065,1
-0.9846547848472624,-0.014268851009283656,-0.7925234471152126,1.430331169277286,2.206953798592826,1
-0.19692180799688955,-0.01261816190736842,-0.46458107811561833,1.3241911404313829,2.3372469849071376,1
1.7388513518533313,1.3793242984678225,-0.3212427661179117,0.44619317172332873,1.166493787896048,0
0.9113627221747217,1.4099295276498025,0.10575379127148042,-0.7764058608649821,-1.21560638992707,0
0.861636124497944,0.8571554405698852,0.13906039865341766,-0.9872241421248321,1.1552593962088824,1
1.188596823087008,0.911766158215263,1.849362141386381,1.388652074064554,0.6617738105317809,1
-1.4152671919241875,-0.7299321797094704,0.21853404241094568,-0.2638391578760043,0.657307857544785,0
-0.524567013767051,0.0420612025881546,1.3522026788671444,-0.9980216173936092,-1.9932559530684668,0
0.6647027453331099,-0.8355404913639383,-0.552920837367302,-0.3278939347389862,0.14339983266073375,0
-0.3021805869826214,1.6755793209225953,-2.6031370878272986,-0.8443029260358782,1.2335377673568941,1
0.6954024745502987,2.1037739904097097,-1.1410085097527383,-0.046588815203528866,2.408110944581346,1
0.49406391897551966,1.284641714565224,-2.854626662904391,0.8523838274237651,0.6964006760312553,1
1.3764964500195378,1.2499034840081786,0.3131321400131553,-0.6126407712741743,0.8082573985370817,1
-0.6498268854974364,1.4893390522431806,0.08416823018569615,1.338887321094263,-0.27471147167454135,1
-0.11522423255219759,0.6458091062841833,-0.3849428884100812,0.42238496781071133,2.3416933185857585,1
1.2208212988130478,1.1625285268925445,-0.8767737812118448,-0.81365903664036,0.9594743423959144,1
-2.0841129394985884,-0.4608079452738023,1.7246966497611085,-1.2180884721845058,-0.13800695611451141,0
-0.4166253056154625,0.25422426283237487,-0.06312301311124825,0.7401562140687321,2.616469431220083,1
0.9583858198420424,-0.559815532478535,0.0516609768510798,-1.5053508704615337,1.712475072905959,1
0.9321915642603847,0.7059244733856203,-0.23655528721894603,-1.0721078836524587,-1.2585337618376096,0
1.676393027208203,0.5949407334132817,-0.9455068799427312,-2.177700356837071,0.4231135640722071,1
0.4964001177339411,1.6422669070924312,2.0750650393485417,0.6318421012616035,0.3595103567389405,1
-0.09662367001488972,1.3597987459120922,-0.4159669279473586,-0.9125932113142823,-1.235243503949128,0
0.200459631413729,0.08281772218565087,0.6089053562546319,1.304334553344547,2.1846916126029376,1
0.46667098196608103,1.6224699608499478,1.52100622715938,-0.7230812558265216,-0.7759951672225633,0
0.007178466907941942,0.6273836710299276,-2.0864776583710847,-1.2517126392456523,0.6003296043361253,0
1.75547569831549,1.8749857652209996,1.5730197252148563,-0.4505448190771295,-0.101914255081201,0
0.4086073077017676,1.8007649471614022,-0.3078084711388841,0.0346065088706784,0.25210817946056907,0
-0.49693202511797824,-1.722920631898381,-0.18256897437954112,-0.8148274596362824,-0.3403249918274751,0
-0.12765468151819012,1.3878631999706814,-0.56060763684731,0.34225641271882146,1.959288764406032,1
0.8567024802425557,0.6355763740941974,1.6773770878054892,1.2489442420236265,1.3208679038553575,1
-0.8782632528234666,0.11543122976194597,0.09988695440921298,1.7054947848371613,1.6316325463472157,1
-0.5806483025539511,-1.1752369329638945,-0.6113852473886282,-0.8974805747837707,-0.9781159578275647,0
-0.9701242603796436,-0.0994191738346254,-0.3975577654917214,-0.6313555000941616,1.10606789664438,0
0.8760467925297942,0.9507211056163265,1.472670675750982,-0.7771519262350788,-0.9781462994119138,0
0.07203686128374476,2.1740465483780116,-0.21220896990115168,-0.6563040720850286,-1.3113729655910278,0
0.07125374991089249,0.8209727414248931,-1.2935076252040958,-1.0969500998226367,0.055542478604681755,1
-0.1942691319785193,0.7596068142678273,-0.7557915001583629,-1.2945643783951764,-0.8983534359805962,0
-0.27999330187447974,-0.3861540066843787,-1.2790307362197864,-1.2238307797196837,-0.8254007717851052,0
0.10248464215820753,0.1363529987038632,-0.48282759080691834,1.190383995167199,2.2344030467865394,1
-0.5289777080640152,0.1295496150464439,-1.0565576427602528,-1.2043230213680176,-0.2384938458897765,0
0.27658150559104877,0.4882568139471659,0.008556080824349832,1.2391721268459641,1.5769007107454245,1
0.35037021638633825,1.6722574583426986,-0.844324037183071,0.4372248698438297,0.5571336307169013,1
-0.9162741005637249,2.0346936289912625,1.3554428011054958,0.7916461637527388,2.202477936670676,1
0.241321934916781,0.9470754672171665,-1.151014083619507,-1.6549348865142273,-1.8928520738309274,0
-0.4174303819894322,1.3295915901777566,0.3440539215634665,0.8211262952224148,0.655611867184448,1
-1.10486279306252,0.6248040382380561,0.22054142701386686,-0.7770838324371193,-0.265888088371276,0
0.29562448874709507,1.0472402336597302,-1.5166425494207911,0.17122508736898223,1.35882015196418,0
0.6336610247740587,-0.046223699403011964,-0.6981996746110497,-0.390710689828494,-0.9361115550913655,0
-0.06263957732723487,1.2481593412179093,0.24312345851289308,1.0417420438915421,0.5170721548420871,1
0.03402741107223205,1.6407555024332354,0.11137260184005242,-0.08216323916040891,1.6071451432941242,1
0.04930833152022263,0.4219711583616268,0.7688396759688968,-1.2082494083624389,0.46771300044229913,0
-0.44594371386116016,-2.2459687672861053,0.11314045705302281,-1.6050816197750963,-3.227644312367044,0
-0.07906734186455629,1.0615507942205058,-0.5791241096357465,-1.7195843687541472,-1.462281896762236,0
1.2347519140447951,1.1746345771549966,-1.031955242094435,0.944710801453054,0.7702007190510224,1
0.2908970575900059,1.878207972505055,-1.9955317804517385,1.1327934455816933,-0.7038078092013635,1
0.2810092502818063,-1.0264620344319069,-2.132595626154836,-1.3656231219369024,-2.099923912454429,0
0.9788895585567792,-1.3057054715786534,-1.3717431292635056,-0.6500950996793196,-0.5839400882109418,0
-1.1274960989530387,1.1305116399036343,1.127908993253569,0.8082366080357966,1.0274137940261634,1
0.4929864585144592,0.7037248074473241,-0.05751775300546313,0.668783719870902,1.9257403132595208,1
-0.22247489677826537,0.6367613043220987,2.046862195719558,-0.7477632554622352,1.322097795264662,1
0.0785770297191498,-0.4076074128276721,-2.128734094414812,-1.4224651699626847,1.1206582971018506,1
1.6786746733725662,0.2562187428527426,-1.911640550651757,0.9748979108272429,2.314701743857035,1
-0.24338397937501807,0.8581895056640338,-0.29983819627488056,-1.67475260113391,-1.5514001543688836,0
-1.1617838439123638,1.352492064393085,-0.28313889674376713,-0.4921092301835682,0.45185029736698445,0
0.30767665340111383,1.9557291955326124,-1.0955193888455623,0.944411758867818,-0.5774348446469184,1
0.714609790636618,-0.2950470300834982,-2.049941278577478,-0.9260397127616738,-0.08065583225437511,0
0.6188862980231536,0.8507216179366757,1.638359732270941,0.007588603808607486,2.521867539389322,1
-0.695694877197064,1.068320562649867,-0.9181269834165748,-1.7528558138074875,1.8262765452970755,1
1.1734422766324448,0.39062393999832923,-0.2725447213618092,0.7731389661928513,2.3446245476129257,1
0.7793490039053323,1.010344984512245,-0.03901951937754412,-2.489915677511034,0.41115185967958634,1
1.0683793336940164,3.3939142150375696,0.604120889588518,1.9414053273861995,2.3159871485224706,1
-0.06407776414871663,-0.4029456823053671,0.5362909095171899,-1.183914314979786,-0.4569615338505295,0
1.1797252083607102,0.5693887280929126,0.1941076309533577,-1.2130416677616713,-1.5781973770860085,0
-0.04889718347410554,0.06567348806532114,-1.405189846803575,-1.386805606059645,-1.1317210889233869,0
-0.37231905293792283,0.870106934838189,0.4373131870389607,-1.7091984488411882,1.8200802415147366,1
0.8814075289235711,2.822227903834753,0.7211353625455816,0.05836695600535702,1.9343075078029197,1
0.07268052432934134,0.47404705513365075,-0.4114931445621802,-1.0512243146094367,-0.6395691585844,0
-0.5258796758952039,1.89786959054716,0.17775010626803134,0.4152879915845551,1.560820469565548,1
1.5898389781806839,0.7306137852977821,0.5740712208940013,-2.1422813913283933,-0.325640155340011,1
0.4968735905075971,1.1618646175099498,1.0697714549838502,-0.6301138183010988,-1.1911372289296542,0
-1.6891830379672617,-1.2481795219171818,-0.47126374070251964,-0.9299427223036054,-0.6451830881469197,0
-0.099094300241269,0.8718242584919275,-0.6028206557839616,-1.4713985431938694,-1.4169948694189358,0
-0.6277339060845056,1.9534461522287558,-0.2880388739220764,-0.21650263142195203,1.209296450553023,1
0.6855077387902041,1.1037043476606254,1.8486088332964115,-0.9831589043230855,-1.5288028824097202,0
0.012499321907250335,-0.23877490379312105,2.8684030556667683,-1.5352304992752743,-0.18817462693223796,1
0.6820694900626313,1.4008633054773663,0.12617790366196718,-1.3321877708319534,0.7646498123001026,1
0.6295295842218108,0.6170905316200064,-0.8043157596599924,-0.6134271912746532,-0.15579767528959987,0
1.9725421767898081,2.050649505686847,-1.385987942398998,0.06813696709935924,1.8723141132980792,1
-0.9858038086678267,1.5470937920935106,-0.2841550979287972,0.17296231110795457,0.6995746964529923,1
1.2676515111879738,1.2694484383962763,0.2887280030098363,0.7447491807128597,0.8632863319288814,1
1.7611881248673737,0.35296271394853973,-0.0003136726117747121,-0.49503648660117294,0.3165559412581477,1
1.3705361439967134,2.54968028721765,0.6952029000839993,-1.4644860496890035,0.5101559851769573,1
-0.9647054257507148,1.8752447885470405,1.6284685547723217,0.22503199553620568,2.4317321092751296,1
0.9514492770580866,0.9143975089665556,-0.36650702036805183,-0.8122525475176252,-0.22422297150346637,0
1.0651719657143865,0.41294936926528325,1.4526167454861794,-1.037676996501935,-0.42389097384938557,0
-0.7179188907476018,0.7127777244106026,-0.23052462518025083,-0.685340215132162,-0.39621090997571073,0
-0.1858457521927473,1.4825254297726018,0.3099989831655551,-1.4888911198815316,-2.506981873874373,0
-0.6078752606758179,0.30394309474875614,-0.5391227031489786,0.21207253416977911,1.7360841912813885,0
-0.4877053729487446,2.0195750723630796,1.0743330047702437,0.7496018770372961,-0.437987577668554,1
2.271449745422796,0.15972180427450244,-0.40439742318396127,-1.1367376584731823,1.0439622728273399,1
0.8953554307625996,0.885969664521762,-0.6315777291653314,-1.0548300757235451,-2.1267082179623267,0
-0.18144906924751675,-0.17207937135764273,-0.10633700253131496,-1.428900504199228,-1.1128928019689674,0
-0.8783230771797389,0.4633788477084826,-0.3780078990182172,-1.713136807586896,0.3953104243694948,1
-0.0681234251679531,1.7745974546424024,0.3639706308527381,1.1813581255824508,-0.576040593291536,1
0.7595148874861078,-0.24481701187295446,-0.29175863225853715,1.0402868641552616,3.1009846429256034,1
-0.7353034606819523,-0.9135198150399721,0.7214793237573432,-1.9463125749716155,0.8132630453136601,1
1.186734620177331,0.8425807655643931,1.4363354057059785,-1.1398221847579164,2.138458308790832,1
0.9411818664199697,1.1350610096199616,0.19189773587303607,1.2078687661068384,0.49875786710092807,1
0.9753124584779789,1.524078108345056,0.5156280884439565,-1.6149681924481238,-2.9746378006413754,0
-0.11066536855732945,1.8004760283497392,-0.8966422273152082,-0.05353998148684047,-0.5876142083920685,0
-1.6610834155671725,0.3984580577070851,0.5032520647495048,1.1525835892424918,1.833488707055961,1
0.02263085267686914,-1.0243067529454413,-1.4055630538562867,-0.6419063258221516,0.4985822008085907,0
0.9976320769202445,0.659001725945204,-0.2867942357382693,1.5938098849702396,0.8270151460859083,1
-1.365824155415439,0.6840203926084525,-0.14896930976729691,-1.01147329688255,1.1182938040459185,1
-1.0708524186844388,-1.18550728167595,1.9114190871397234,-1.1926277321987357,0.47277384758033203,1
-0.7790927393767005,0.7578156504140408,0.20323595458603103,1.1348498726640777,1.2568378111754672,1
-1.28716356858425,1.4697586727070744,-1.3971181851129912,0.028719710953299282,0.41326640151188654,0
-0.05592044852221312,0.8735644020956096,0.3379575282321183,0.9623392372598615,1.2696712840338944,1
1.1590740649558977,0.7243639510218183,-0.336254738681072,-0.8162155812821793,-0.4866003590761069,0
0.058984221589597374,1.5458396497588627,0.446872500802698,-1.1989009209586952,-2.7947543532826664,0
-0.10343122429028392,0.8086171493208896,-1.2390527025266425,-1.63139257918007,0.3007718765943016,1
0.5731278132412001,1.0052347127469683,-1.7858664919341112,-1.3861548128993326,-2.586576020082938,0
2.2724347204468818,1.5821988923836519,0.8890371222798921,-0.3222442903533054,0.6879053974511344,1
-1.5193460754768424,1.1898678121329564,-2.832155598110569,-2.1931174223215377,-3.9754032739046012,0
-0.21406769772786138,1.7462072730433944,0.3794053976051097,0.8444432563146947,-0.08972879119415289,1
-0.4118233689636573,-0.5609235206567029,0.13192796677195706,-2.8702523290569424,-0.4393973705460865,1
0.7007006121205837,0.1576013277161512,2.814654444472553,-1.509280072688495,-1.9042835510764842,0
-0.5835993263460049,1.9425918136495288,1.0383788510193166,0.05237431183674923,-0.19078099442494312,0
-1.5428032182428997,1.096633450767074,-0.16063111952549436,1.4582719981471268,0.24848702935085631,1
1.1168337755299542,-1.8346518027248133,0.18641616974404632,-0.713743049572491,-1.4511634214395497,0
-0.5888668267386961,0.34424350822128624,-0.8372624310497003,-1.1715137685547332,0.21858288319258,0
-1.8311448783383502,-1.0311562817320448,-1.2284438312657626,-0.6193215887994712,0.7082640645243847,0
1.0703651602299298,-0.3712023813948033,1.2718924219386565,1.2426139749314762,3.058213302139229,1
1.855503314794263,-1.03859036023172,0.22423474453529177,-1.145965317963991,-0.4030237187079131,0
-0.24269874782528175,0.4432493952183254,-1.890010171182943,0.7861696762809872,2.2294631134274345,1
-1.1022921498364233,0.46957425561665034,0.681359510442948,-1.1392577469302088,-1.249345095788752,0
-1.0501407396021456,1.1510059527418024,0.7574951493374855,0.8762306513198728,2.389799298486577,1
0.8913036868697555,0.1825266356625429,0.004229858994151577,1.079977410811752,2.3117061338374603,1
-0.6300249795338944,1.487241380032298,0.7319555025098458,0.37762304670472113,0.9423381206738906,1
-0.5859276733177553,-1.346908503221984,0.32910677871012955,-1.7525657342125132,-2.417770877545207,0
-0.97536602727825,-1.321705022960163,1.3035079319347591,-0.7208019584692693,-1.8776256665270616,0
-0.9916966634403105,-2.9280846195175645,-0.6328802748847919,-0.8325238797794637,-1.8796971979107644,0
1.159381043300522,1.4420557363371276,0.973101561015072,0.8937540808337611,0.3684321905816176,1
0.10744437434089255,0.8989072543823146,0.3873714806329899,1.5567733112666606,0.457863551365002,1
0.1680153405325285,0.7154526385354616,0.9452115346114836,1.8773146776883438,0.363677944111344,1
0.1786947168104756,-0.22350472811035327,1.2292147842970504,-1.3538938622261996,-1.1535010677205761,0
-0.863493604964934,-2.741261303897305,-0.031203488939083975,-1.2708871356165843,-1.3737665460549964,0
-0.531454551359215,0.6466207248038212,-1.5678594253654559,0.30435164445897644,3.31974627509986,1
-2.7475048427252347,-0.07997083100019742,-0.4997301761516306,-1.801614570075647,-0.716942486721341,0
-0.6068651778571754,1.0769462797947893,0.45768658605355206,-1.3048046181812518,-1.1316296137611432,0
-0.8130143722601298,-0.9863354200065264,0.8232799156777053,-0.41142867608801326,-0.23585757413873742,0
-0.936506374789596,1.2181265640607921,-0.6677795564688862,-1.7083433855532952,-0.8607225382979267,0
-0.059826143529903696,1.1373142124663076,0.4935602043342916,1.6166863428373617,-0.01809722268322389,1
0.8467707752164937,0.6731218293790019,-2.1272274203514954,-0.7148891556527812,-0.008508945840453142,0
-2.1770650464428547,1.2249281076453271,0.17847666388538974,-1.0937263897464105,-1.472698693821754,0
2.049812095785926,1.6663840248492379,0.000682818957482628,0.1920132270327386,1.9104849261516783,1
-1.3944950688592617,1.183295337591156,1.0538915522958832,0.8887142535610287,0.8152719406754552,1
0.09806753953894455,1.6119360561569938,1.2958717818630143,0.3124690083503592,-0.6186465128276313,0
1.3254321090950785,-0.5535833102804796,-1.4068150094975382,-1.5145411368458066,-3.5151546494450585,0
1.5541604207147741,1.1942152554059209,0.8539759765522237,-2.093776038943462,-4.3205218130308936,0
0.5954908976392573,1.574000115431563,-0.5898947564628909,0.5638853543755526,0.5617011532809301,1
1.9234457948249533,-0.6107574277758896,-0.7746149700185819,-1.3411605539730755,-1.0816109987072133,0
2.0860470495371137,-0.21817934067940503,-1.0147594931858521,-1.427095254759926,-0.08692559657068655,1
0.3111099911431952,-0.859066930849812,-1.889649292096153,-1.3510287028171732,-2.740969594053416,0
-0.39719531614598763,-2.116176294015511,-1.1022697404558555,-0.27927967051039293,-1.8360231829698193,0
-0.782003492511037,-0.9018797505291024,-0.7597031174802871,-0.6745566573634192,-0.2762917418085892,0
-1.1996975283653082,0.08552257108878414,-2.3161438629688766,-0.8105674938034028,-0.6294612396336533,0
-1.1967886464263116,1.6384759276356933,0.8936976893891109,-0.7633828741204057,0.84255312091429,1
-0.3600392687569827,-0.5302150141343017,-0.7280770978553212,-1.7962417115591984,-0.5259988156674056,0
-0.47875857152168855,-0.12514336671838433,0.35947579754712555,0.806625385697129,3.1821344217825644,1
-0.33513778117145177,0.8475194890237292,0.34233783448962146,-1.3733136788467044,-1.6944528962124883,0
-1.466785190615677,1.6268590905809113,-0.5014021468856367,-1.7720243682011962,-2.2686537557813753,0
-0.41360553342164424,1.6109949989371124,1.8876876573401904,-0.2960148087200294,-0.3931883856212218,0
-0.5164296438875717,1.2008735946877733,-0.19646658342809717,-0.33534269350087564,4.753821798653135e-05,0
-0.14994071907910936,-0.60823221481354,-1.433151814524712,-0.6339255058193498,0.13671761010428796,0
-0.8463597198869729,1.0170138110983573,-0.5849076534177698,0.8463279853417152,1.1663239392491407,1
-1.1869933883057446,0.9981339254251819,1.0578141808207961,0.9313414710571017,1.0859714831084337,1
0.8419836954521269,1.497347293236245,-0.36920720044744615,-0.7206124361171818,-0.21729209318567566,0
-0.3464265060068996,-1.3041487764344541,-1.611567359102828,-0.28287688222280494,1.532044534197372,0
1.649480894323921,-0.226985479221967,1.0706105599791862,-1.3841922803423663,-0.16160471840145973,0
0.9603047962814704,-1.954833246893817,0.46248362406685406,-1.0926368672341407,-1.455447425289933,0
-0.41299782214343406,0.9448542024007837,-0.9266983088473107,-1.8852361071616404,-2.599198142720027,0
-0.5193963718261266,2.7921858877933636,-0.3409078773460798,-1.5849689931979203,-0.3573593761413527,1
0.22907468820570256,-0.8775350318841677,1.0743180127155614,-1.5401130289295422,0.6521959742940171,1
1.0800560591393102,1.0900298374248854,0.9427885141400756,0.45255542881304844,1.5470098782341726,1
-0.09170602414512598,1.1684248550705796,-0.8877695115385407,0.8946076398830326,0.851033327788179,1
0.5169465157483709,-0.4500545716744635,-0.2215132629521239,-1.1816871677863257,-1.1034761986830548,0
0.07959786237603639,1.380105052451407,0.5540577711159071,0.0631158837703063,2.5112651251212497,1
0.3243402100148682,0.099429135611385,-0.5327254982169035,1.1650000240547833,2.3483713304019322,1
0.2766007655111807,0.9829283891639436,1.195480650825479,0.5009835885326759,1.670128809210155,1
-0.07397286359437803,0.839989383328781,-0.07566560432583026,-0.14351344082152673,2.6768421251504693,1
0.5964411375817527,-0.6318779152765881,-0.6342858476894031,-1.782692611362315,1.2322666549123484,1
-1.4840566649243352,-0.4102627561307033,-0.2084682105404079,1.1944246065222823,3.1944072710766656,1
1.220282896417717,2.0403405743379626,-1.0766791274710135,0.19919733697934938,0.2224831698824159,1
-0.5800163326536847,1.1681056052613212,-1.1564158167438567,0.4761341879072556,1.382937557791777,1
-0.20252422706483003,-1.183328807195388,-0.5282970466629792,-0.7878108938870786,-1.1006866804533721,0
0.48074457976798396,0.3906742056945727,1.4967104074459814,1.6241690547535221,1.2508158454393075,1
-0.29424250563645765,1.8469149316154099,1.356583385827982,0.23806667651243496,0.5184733547198908,1
1.149672018878747,1.4377828609132983,0.2965769385303051,0.4561104152604296,0.9309446869739515,1
1.5985381120963413,-2.374432632562505,0.8021284586181193,-0.061007727103952525,-0.898057355455103,0
-1.3495762115515322,0.6016394150795834,-0.41521376790527154,-1.4778036242441017,0.9972084810248036,1
0.242882013150275,-1.4604151817035933,-2.0820987031889873,-1.470715675686738,-1.2316313194657724,0
1.3510728924131392,0.664210203134205,0.8861911885847956,1.215743609525173,1.3011473027136935,1
0.3207857259326839,1.9274292878544241,0.19405194360587402,-1.0402472243952197,1.369553235428268,1
-0.5865312695639355,2.186733585216958,0.224216404290793,-0.7313819455926593,-2.6444419796610195,0
1.5301951988633513,0.7743779707885616,0.664927162301741,-1.2897954158793514,-0.40623195572396553,1
-0.19469729611668168,1.1905336615759587,-0.06418817710849775,-1.1059142000127091,-1.8626011461303995,0
-0.40968659262949736,2.8026839275414366,0.7123221595801621,0.5256416489435412,2.176941043529314,1
-0.9489165208248372,1.2059890997148142,1.7473631979155582,-0.7189693965538075,-1.0628432179153324,0
1.1038773433162576,1.6544290069867764,0.4751677464953816,1.3081511758198014,2.206981957526359,1
-0.9899577925520139,0.28678534368999453,-0.0350076100062359,-1.7993499355050817,-0.7764346262696824,0
0.8721970000729778,-0.4390899364473234,-0.3150867311941086,-0.8651728715906608,-1.7416155708094672,0
-1.0921212003485672,0.7814546624382451,0.1353383478922909,1.056874073591221,1.2964217807730503,1
-0.04551224530124217,1.0461270269470626,-0.4242363333980435,-1.2414018788331929,-0.5869745906506713,0
0.2243396567780826,0.5940164193979282,0.9040175547613144,-1.0695918525962345,1.4345185249610228,1
0.7547332980678092,0.7783332497908904,0.1994239859867671,1.0463615005246552,1.3087565853972554,1
-0.4511588584089988,0.9026021935773876,0.5517407999109204,-0.12025289973729159,1.028077162312841,0
-0.15032046027187207,-1.5426910633349984,-0.32669621318636405,-1.6137996175125213,-3.284630453645036,0
-0.05240445057746945,0.5775170034770336,1.7041055162554912,-1.2422699799031407,-1.8826508729997595,0
-0.2561797524953801,0.9004283850256105,-0.24149744587077882,-0.13950542090324358,0.7579136937095396,0
-0.7352010347632466,0.11400232872925853,1.6562082520572956,1.3443620136217775,2.0973502828498662,1
-0.9005903525360617,1.5377454466269924,-1.132784951267745,1.5679161329097646,-0.6458259901261585,1
0.42548993324023027,1.438623522508104,1.197246923645228,0.13853033385476987,2.28973775767237,0
0.25719897035592737,-1.2462763957512872,-0.24066517453021302,-2.0822959742883604,-1.3167843169743045,0
-0.6073544332122114,0.8596124187602066,-0.07722104522304557,-1.91478662060112,1.4480750764233057,1
2.3490757867007575,2.1724174756181514,-0.7160434362758403,0.5052937530636624,-0.3982511176716168,1
-0.12270893359572414,-0.03244590752543175,0.09337237427665124,-1.2140175594464115,0.22322646726702366,0
-2.238231233324972,1.5226648583023104,-2.120700152635066,-1.3837349242430548,-2.3075059330232115,0
0.9863765059059371,1.0179107647813475,-0.7119732272589228,0.8645266831142382,1.1314460517705522,1
-0.34254920085776497,1.6934461504757186,0.1704637709965709,-0.4852643570821388,0.1763865562901039,0
-0.1131280525157404,0.13753224042051193,-1.2992163634458243,-3.0826612076907507,-0.20451322681653394,1
0.6030946849488336,-1.1911401868689053,-0.8505352787470439,-0.5346643142942216,-0.014592907759364615,0
-1.9511018640386248,0.7763467645023274,0.1435879365051602,-1.3063823713981462,-0.48604444699982974,0
1.4288577078135674,-1.3580116124556667,-1.4741321320421057,-1.1447604737874633,-0.2474430101681957,0
-0.8617030702562581,2.531618426102564,0.03003147916408217,-0.08057265522744428,1.0547765584443451,1
1.2002617497388293,2.346612452869213,-0.463161362085399,-1.0480893250874512,-1.873883553680617,0
-0.38769991640856116,1.6934706001497077,-0.41361566562964275,-0.0032246520256977718,0.6762659768135892,1
0.06008599461516361,-0.667294615210884,0.3883120054234496,-0.865214164399532,1.0400052803435789,0
0.2125740306322149,1.3266742571917787,1.0269862633197322,0.10408030453020078,1.3205734650122847,1
0.5152943216244674,-0.36971665982541213,-0.8342818100346248,-1.0587609941838718,-1.607505001894256,0
-1.372859451481064,0.531900348136997,0.35147990035220167,-1.9155569056277901,0.5920343089192668,1
-0.838585798447231,0.5101240061952123,-0.8866809222834573,-1.0124359399418716,-0.9649997772787551,0
0.15712791899094083,-0.007119760110811502,0.17618982250269238,1.0679153099166152,2.646979337699917,1
-0.8245141615276735,1.3175685160975799,-0.6085897232397004,-1.8152961525743807,-3.7346927858030887,0
-2.391956204313024,1.3533327278365797,0.8447743757816999,0.605759841741691,0.8942659176626487,1
-0.9627325652846123,1.1674281196595582,-0.20661127969604665,-0.9715172694796872,-1.045928142290661,0
-0.11348064588214118,0.18224994173409315,0.2215584736242106,1.3327227232746326,1.9889926070579038,1
-0.05658848889989584,1.3155011311549911,1.2189707897936632,-1.3483527117498995,-1.9693378386797142,0
-2.1523835446091804,1.258839364890063,0.8764556455029355,-2.1996920223905745,0.4598933558348002,1
0.8431053323232401,1.7786517477032344,1.1628385775349859,0.610276254963894,0.16127887110312367,1
1.0826910538870733,0.06569798471082666,-0.4711246518178786,-1.2168201344228093,0.7805959016007542,0
-0.9245641143780999,1.0193730610828655,-1.5975991695954321,-0.7359208599635925,0.5990517580109953,1
-0.09338685889994829,-0.3661480976985234,-0.5293321124483709,-1.1878864839528145,-0.3069497887230258,0
-1.8697416996954206,1.3829124899440872,-0.38852077518300926,-1.116241050120364,-3.135434088269685,0
1.1356201471829441,0.846460307058287,-1.1062935124116342,-1.381411347385576,-1.735498330517884,0
2.1650560678066024,1.5360993027119703,1.190548594343596,-3.045600639312147,0.10872859671829183,1
1.090861670603698,0.7093378908866572,-0.4629395120252583,-1.6348214960789735,-1.7433669598671246,0
-1.5769964821909972,-0.8137495452510353,-0.8028244439508423,-3.418380796010789,0.006637951876441894,1
0.18932830729237413,-1.6816414764801884,0.29724427338012405,-0.7010099071741167,-1.1613357759592184,0
1.904136589573007,0.12311160145606004,1.6259589153620633,-1.022008286774592,-0.4574222970053714,0
0.46436986354657417,-0.7888930934030753,-0.5505519317084877,-1.5514013607922021,-1.5213027738810994,0
-1.0263692076658921,0.24044325566747227,1.23000057271915,-1.7621072527473491,-0.3194208991570915,1
1.259233239786799,0.6928441435022099,1.1464408704007276,-0.924230092272742,1.1781129853219008,1
0.42934082280173436,0.051093366891871606,0.3796396483859655,-2.1823604328707322,-2.0834644769712565,0
0.5628808601743548,0.13278600781652472,-0.8798143535020543,-1.5107903102879023,-0.7453907978791823,0
-0.4547947173776929,0.12837728140752214,-1.0398065310268843,0.5027987546694705,3.1499016696543864,1
-0.39767969361460404,-1.281706237100584,-1.1840305582225594,-0.42419523936687364,-0.21719547337663303,0
0.46654531145012695,1.1327348466882199,1.3462257562027482,-0.38287138393852416,1.178857555913826,1
0.38837572923016833,1.9608666639986085,-0.09482423128087224,0.9523262605040732,-0.5957445822846068,1
-0.3301200939664503,0.008278544847983849,-0.2116669819311769,-1.674251053576957,-0.43451425730375104,1
1.669069525826331,0.4738603806895454,-0.9425580057918763,-0.771011511000403,-1.4009278075386862,0
-1.58358838978758,1.5617888551158925,0.41299891213779755,0.40756724280467704,0.7838644292502386,1
0.25866114785538813,-0.35425480705335655,0.21273977585766032,-1.293399990659189,-0.16052486805441357,0
0.4080528468367557,-0.8718489205791848,0.5507975722736632,-1.2513711090295117,-3.43925334983628,0
-1.3585740152574743,1.2313747117391003,-1.0797363212758484,1.3538988075273761,0.14634512680713707,1
-0.23811043631205406,0.5814776682885314,0.04600274725327412,-0.9689002367197311,0.8049256281342131,1
0.5148835960763722,1.2450164860585324,0.8199252526352343,1.2454052489009992,0.27181945737930624,1
2.218780233448134,0.5321152926254431,-0.1590452104000513,-0.7394861754255594,-0.4815316179440906,0
-0.5955349351838592,0.6614872597377904,0.9005330773315916,0.4519527126419747,2.2912733214896233,1
-0.9519184600222356,0.5612075329767202,0.07748051851886253,-1.0976344561613367,0.38782636027720563,0
-0.05390484900573916,3.328628995647789,-0.9823035803773146,0.6636320895193475,1.1721685706077911,1
0.2270344788648889,0.7904281973104996,-0.3240681752089702,1.0605923225502552,1.2692374139363192,1
0.2620668090867255,1.7074822286208713,-1.9495617177543672,0.8759809824538838,-0.062309738208542464,1
-0.20585943088034037,1.7462683685673306,-0.7465783465402389,-1.3353337240884948,-2.7172109628147076,0
1.2753907379990148,-0.06605146533533035,-0.15171443357722914,-1.023477056354267,-1.1221851508791478,0
-1.2644984069549656,0.01572143064166376,-1.7931064525345768,-0.6714407071833572,0.022091756637230953,0
-1.153332403205745,0.07608558541296173,-1.6873443471107104,-2.388570158923692,0.8780863799539035,1
-0.514782674914742,1.0374232029679804,0.24353020418634463,1.333228106762756,0.5057369583472637,1
-0.6076463453734726,0.7824072634661386,-0.1373109657888796,0.8324734033054287,1.5914405938310212,1
-0.8110008636288448,-0.5200563051313041,-1.1140464501619933,-1.817527770904598,0.12850735296974003,0
0.9955815140020298,-3.227535710472793,1.7031726099180378,-1.0637361505682807,-0.8323078316724191,0
-0.08743532877718108,-2.6203173548392256,0.5483196275544987,-1.2156495939459073,-2.31623794856213,0
-2.3869298701956727,1.3925028471346,-0.4958781720101493,0.9419569110199965,0.3988866017046693,1
1.2637066776546686,0.15961176420863477,-0.8463159774657358,-1.0615209590128096,0.10850507005731203,0
-1.0986204251778122,1.1095450841733825,1.4205042872710631,0.885328206701586,0.9608994638962838,1
1.5781180575621845,1.508457803621675,0.9854496856152184,-0.3517210059322662,-0.13350269532669856,0
-1.1511537365528692,-2.517135959734121,-2.839078659485427,-0.8386633980240209,-3.34874577995886,0
-0.4545477187434442,-0.6962611310252482,-0.218653277435036,-1.6117037638153446,0.08496084194618925,1
0.9324348709546673,-0.8262474804426508,-0.4151002889633696,-0.7307018778976246,-0.7812705780529321,0
2.01527511046064,-0.9738564378433432,1.2906444609225471,-0.8652740837285485,-1.1044698373090942,0
0.347561613803552,-0.4260068572235819,0.08669769941439658,-0.5504780881462752,1.6458489580950615,0
-1.6380290574360168,1.3021979331505618,-1.7863754653546866,-1.0560638331815593,1.1699962933402799,0
-1.388542553831211,-0.12379837175064268,-1.60027110450371,-1.1761968913383163,-2.2619330681237373,0
0.32445860435251705,2.0302271217219436,-1.803862792562365,0.839267643756878,-0.5738269719126297,1
-1.4990159604584012,-1.7686464571835105,-0.09184476433495513,-0.8013885835461989,-0.8849048746262592,0
-0.5893322314273619,0.8631190500088957,-0.4586386361010845,0.6651903043561975,1.6702646933322702,1
0.10343812930810638,1.081933892736489,2.042076040143744,-1.593727291830142,-2.010059240004888,0
0.5055892418358746,1.6856056640943784,1.4891131083282896,0.3069194063844076,1.0378103238308372,1
1.558789184496894,1.0285456489248772,-1.5304614097433769,1.0730107582624002,0.8629004117296732,1
-0.9046143749937661,0.3300977476540957,1.1727568452674448,-1.4191359908377934,0.19755279879554533,1
-0.20035257779416388,1.3186286344370182,0.23184209213484805,1.538839084277249,-0.24514851286094452,1
-1.2883076174635377,-0.6189312543422358,0.2927154821418534,-3.587277960066489,-0.33227555406779286,1
1.8688178405438531,1.1795685747715403,0.4197056083572659,0.37119983595725303,1.490914599330862,1
-2.0634031524794545,0.24628589119903366,-0.3173504922425348,1.3756830142884382,1.8249601404206062,1
-0.3270173176097711,2.304831214441488,-0.21345677935043825,0.2906339036873231,1.438404760356338,1
-0.04489303012253698,0.05710053387028413,0.1825010305992134,-1.8198018627171175,-1.1701518054791613,0
0.15449366559525113,0.8160459648274537,-0.3365525898781734,0.8034946391676336,1.566830076976147,1
0.8407344821295493,1.8607934503328711,0.2078025073533134,-0.9286256232433614,1.8734686671908505,1
0.1458364702153839,1.869690619438807,0.5852994365163381,0.4255796055415364,0.23575146391887036,1
-0.7090209576304904,-0.9313944905268396,1.9532591375265682,-2.0709028670759855,0.2196356290253627,1
-1.2931415437586478,1.715790978593759,0.5723903111756757,-1.8941189092233772,-3.7157110774638373,0
0.8811467208133691,0.7863135647490526,0.0013256887344072295,1.6094680425538987,0.5997596939229001,1
-1.5614932224418594,0.5706061357586767,1.503419828428999,-1.9357866238741694,1.0138818307772262,1
1.1395555360254692,1.6473279933822855,-0.38736196455281124,0.28519536074329177,0.797193444055036,1
0.5914421517518549,1.5416867317212761,0.6802203604766911,0.9226096117028324,0.16166807634404712,1
-1.7710685530880912,-1.9174519234842227,0.47154238041820573,-0.5024275670261169,0.5220996258888524,0
-0.48827384245154465,-2.9448396209647134,0.6333268260712385,-0.5273681150841385,-1.3834268599793254,0
-0.12517442838316423,1.2992136550262008,0.8468821038849139,0.8904932758696052,0.6205741735061154,1
-0.8892408282283243,0.2902623744990056,0.9553005582377528,-1.2264439413692365,-0.37012653555298203,0
0.9944473755089074,0.6658086817915871,0.6460061871145515,1.1462575123794707,1.3880991475354871,1
-1.6394841625254342,0.9696500864062539,-0.39247110606087293,-0.19289421511842353,0.8827946648238447,0
1.0294574815983573,1.17552904355242,0.8723153800284503,-1.3513340939796947,-0.2998851818403475,0
-0.5530898169141323,1.0375220588897265,0.6958638390937854,1.3487475905922799,0.4914888996648611,1
-1.9782252493748103,1.0545679426551302,0.04693490206036963,-0.8422420971409698,0.9852578689196159,1
-0.7699960661974573,0.6348514229023698,-1.2961166642498945,-0.6900505424915896,-0.33101243028279725,0
-0.8568518651277993,1.8414577918220334,-1.1260539609110503,0.8306484344319546,-0.24792061515452635,1
-0.524662407066803,-1.0338836611283968,0.4936548476431509,-1.0109575747715311,-0.09228241957131222,0
-1.1761733365547806,-0.11484177514780713,0.4875602970867186,-1.0489446424821556,-0.2220613998948392,0
-0.9587784561867748,0.21716443731281132,-1.3525086894407223,1.3105857285909268,1.9592931109741896,1
1.0018248536819372,-1.2057142650375439,-0.49757083838520716,-1.3264572316000853,1.0245520666113475,0
-0.29748220087385013,0.4792202120524076,1.3119837385739466,-1.7909940083719826,-0.06825537681435656,1
-1.2021495260760888,0.39254657205761323,-0.39568071175626385,-0.4870799042675348,0.09050593344515012,0
-1.1306153349375263,1.512225694324354,0.6227112239002686,-1.6520425951776216,-2.9690113013529915,0
0.6928557558178116,1.7533871506880883,0.73463754545933,-0.6130810837177947,1.9492690916143642,1
0.4441983272906719,1.2842916075340238,1.1013229577357622,-0.26108768291533524,0.2295444190764323,1
1.2179591523055584,1.9073639361846104,-0.513196364513396,-1.1118601428354624,-2.512440149607764,0
0.22526411724754952,0.9571026629704081,0.6927227551168594,-1.4781400728102927,-1.6679101479276586,0
1.1008213984226052,1.1092232131768542,1.0613709648731335,-0.16500849029564746,0.12448572680929315,1
-0.39305275706140097,0.04394269505822024,1.00163182520856,-1.0556010387156283,-0.5088391397008172,0
0.11053531747394013,1.4466741800067542,-0.626315276183007,0.7384424653075694,0.5579446446686704,1
0.9784221120280351,0.11059246539637602,0.5221425459339358,-0.5006671096823458,0.29825742921616416,0
-0.5482687949250771,0.7231995811416697,0.8333339117803071,-1.8057838706466351,-2.47555601619828,0
0.38632331781156,1.262696066222218,-0.20447122098612153,-1.1209065138127245,-1.9736257950162823,0
-0.30085974714082625,1.261712026188626,-1.2094769354188053,-2.04331685401697,-2.4676585762901975,0
1.7349365758368085,0.15211116691209103,-0.8567720938267928,-0.517089342569072,0.23308525089569687,0
-3.007632339693757,1.0299367701227777,0.5711794062192087,0.8431809929473605,1.158480247318888,1
1.2769653860881878,0.9453184978996613,0.33802348110170816,-0.5519482560965585,1.163176477919796,1
0.22228985580085406,2.3054142709095924,1.2788658133133932,0.37140453181482047,1.1660204171907764,1
0.31952467078295543,0.8684883259478853,1.653617268492285,-1.6467418383623835,-1.0731190135901634,0
0.3483417392461269,1.1916117152422998,-0.8978300664256293,1.1860881764053066,0.42781590028114014,1
-0.6065033882157397,0.6948623391364458,0.4559041951707027,-1.4456330489870173,-3.1147432876567422,0
1.2376537575119981,-2.6702859460697472,0.37976763604089603,0.11573592906024999,-0.8460248717271314,0
-0.07744346072599365,2.2394492425020442,-1.1952937635992447,0.8313458632466442,1.8981325531111486,1
0.3216785413765001,0.2865036339016487,0.16805980596682024,-0.4605473687349836,-0.7552491119601241,0
-0.589112132781127,1.5664583728814252,-0.9355962987624259,0.5108927704052619,0.6567548727014312,1
-0.17909328501615626,1.9137662627412861,0.3958197810959231,-1.958000396829326,0.705982924150515,1
0.5062409893059261,-1.5532540095654759,1.4473056993918065,-1.3780651500109444,-1.5905659237469307,0
0.23384802578959837,1.4549943554083384,1.0354434164169448,1.2089074343388124,-0.04623885509495662,0
-0.6538983883255765,0.6278811012278538,0.02731337985143867,0.5706318471941672,2.1882381127164336,1
-0.26265952031616774,-0.6068187886202747,-0.33638694541113623,-1.1837258596683045,-1.6215058454971483,0
0.8396638644311888,0.6055203978088246,-1.357517539841935,1.3272123589524556,1.2639269040207777,1
1.2795186697601588,0.5041260930899305,-2.2168188393540644,-1.4944575542464815,1.9412490432059752,1
-1.3668583632808264,-2.2970646213616446,0.5925672738473307,-0.31379528979283244,-1.6984322962030984,0
-0.6701152004542329,-1.7952031295175712,1.1717179147161596,-0.8056010053190403,-1.8298103315192829,0
-0.9938626748348534,-1.5368653542791515,0.4201915428949916,-1.5323667564344545,-2.934048361981302,0
-1.7312013034449254,1.2699164138584815,1.494938227453236,0.2069699065642019,0.8221849057782185,0
-1.194522939766035,1.134117080836967,0.28580328679473294,1.0880250026994205,0.6461523931618529,1
-1.3902219251534627,-1.033336013003411,0.15776143929376948,-1.0702610318822798,1.1684512475302204,0
-0.3998990621311371,0.7921250498645627,0.269294752580734,-1.972593128564206,-1.2275814708035102,0
-1.9670697035871523,1.680846686904033,-1.1171864617070024,-0.46125277201382475,-1.7216266218230194,0
1.2554036094598964,1.0899295952265136,0.9458696436841456,0.44693393526798775,1.5490173586816294,1
2.095843501809159,1.7631227472059825,1.5944423917491968,0.03817967317052218,3.049371909393409,1
0.8875039674140593,-1.6537496867065038,0.7608466543114778,-1.7001770686836273,-0.5878403031278028,0
0.5859042011646491,-0.745743037767878,-0.736770135947622,-1.0079551879472577,-1.4021519195219665,0
-0.5898923177556078,0.7158575935251501,0.6986888135170435,0.970829913089909,1.5263268151659417,1
-0.09546424708907303,0.8297702148478965,-1.7762463334664518,0.31786499288795933,1.3814327347050073,0
-0.5176925728692147,-1.4230498298959249,-0.08809124402907328,-0.9034303561234943,-3.9603563385267866,0
-0.37058276240078286,-1.4842191544121373,-1.3480471119401671,-1.7646104142295713,-2.105769053694992,0
0.041325632270618466,0.19254716722382026,0.4430021304473752,-2.461146402318575,-3.0321988100534747,0
-0.7146806769904318,-1.4022551775068879,0.5212799050138145,-0.14609150978591645,-1.0057269236252036,0
1.088769654216672,1.1775874819592196,-0.37630072492499606,-0.3632259818793754,1.7191715215689962,1
-1.551512249058929,0.19460465090362655,0.6620518347584732,0.6413757337371295,2.8408420898292652,1
-0.2430611988808665,1.269988825215806,0.0022879361435040493,1.046803840514028,0.4834045749641612,1
0.007880184694728152,-1.2524919929826706,-0.3256110521485036,0.06798819460391914,-0.02440107909755529,0
-1.055089368176695,1.2631124859186373,0.12626773623406817,1.3700334959835996,0.06809387503340847,1
-2.1961278210999464,-2.6127637303790348,-0.16212397547985843,-1.3290492337151611,-1.4219341738846272,0
-0.3631166611555665,0.31011380949898726,-2.00745686074501,-1.3445852191478185,-0.7281734263552933,0
0.4961991873633163,0.514665374870024,-0.535316712567659,-2.202225289075666,-0.12514666769381688,1
-0.8162172445419648,-0.5989053401479731,0.07814306296964744,-1.064532115201355,1.1699578296542843,1
-1.5327005598899308,-0.2530114688015207,-0.1962806513879368,-0.9262114751835635,0.5958764833952461,0
1.3286408282482312,0.9328859114034271,0.31318447386498,-1.3271163878439447,-2.44987663331304,0
0.3957988487097471,-0.0040618778858028115,0.26355081195478497,1.2314941541843352,2.427951380425645,1
0.38897872935218375,0.6752512596937306,0.2514736089405121,-1.8785489255731986,-1.4147427797712018,0
0.4359753895000459,3.697711141774758,-2.5322460852196853,2.409435710264456,3.340695065584269,1
0.26402008133367,-0.06734918009239554,1.2723535001067678,-1.239315010961658,0.7240466035869748,0
-0.8792827824119881,0.38725507051617125,0.3485951198609804,1.2910881432493186,1.6935067027089183,1
-2.9069882193216414,0.5807670070390235,-0.3748220566218061,-2.2080453316067876,-3.0202501016648804,0
-0.14037505890533644,-1.849088230682812,0.3076126681891964,-0.8656635783601466,-0.5736084375682162,0
1.1818910929599615,0.638508701802573,0.4809080927488954,-0.8705520438874144,-2.38454713313996,0
-0.6724855960063362,0.9937198523216334,0.22327083592026087,1.161325838017093,0.8014377756779545,1
-1.936752702502465,1.428656797680707,-0.7613552698089406,1.6974027796014397,-0.6224464952105844,1
0.16048962397348007,-0.9391240071643786,2.212531039397242,-0.9550748426939754,-0.5249570603725795,0
-2.529560077694303,1.470557488516586,-0.29660745906979835,-1.599208312105327,-2.574776120177721,0
0.9003985883950636,0.8127996328452011,0.4512253193185082,-1.0183588148304,1.252684819109519,1
-2.704391631602775,-1.924943485379229,-0.6298845523638104,-1.0046435765569446,-0.8471048396430952,0
1.2468917155347194,1.9853535307560148,-0.062004009366031745,-1.2066545145126768,-2.191764849470245,0
-0.009288561567815747,1.3475437860482389,0.30698107268623775,0.8911708717795092,0.5331178549790594,1
-1.8518427315746586,-1.2200341661249703,0.7835896647986067,-0.8863346636673979,-1.354587886439411,0
0.5265366836723071,1.0744566644896079,-0.47741070619280046,1.0623744801685908,0.7912630546636283,1
-1.514470309180767,1.0614075538885253,0.32159321133923857,-0.8099680447710007,-1.7367771366160336,0
-1.0921636327180897,2.616911102587001,0.8347513263248821,0.34274032457095194,1.857463673435955,1
-0.6074722876203072,1.9960876778514876,-0.40436199269002276,0.6241083800594449,-0.2499951024195859,1
-0.41142660711600243,0.9644095712252906,1.1539007342557472,-0.8052127083869334,-0.677142620385768,0
-2.4883273534129895,0.9950845085739901,-0.6582484123338483,-1.4517237414358535,-1.0621037464731864,0
0.9965705105794472,0.9704384270267746,-0.46649537922819795,-1.112551962505496,-0.6729679320650694,0
0.42154608353656126,-1.2820102274841805,0.2668183962954019,-0.7441751692684011,0.6247632896634332,0
1.6087808557343735,0.031556681583340795,0.8282296901846228,-1.494992095311277,0.15903984224382772,0
1.7549330716472415,1.4580018240414643,0.01840163078343813,-1.1974610404816746,-2.294778260643019,0
0.14098269961206,1.4671011671227523,1.5886269280435958,-0.246837997783534,1.554827443272818,1
-0.4519493719118777,-0.9693212855704886,-0.7893385057196743,-1.4994329445467678,-0.8211277619853217,0
-0.6749340187905523,1.162228388500028,-0.4030759890650308,0.5687249764875655,3.0201244900475137,1
-0.5561187467607805,0.7317506930385296,-0.13006029355362003,-1.5544614960406038,-1.362428448581288,0
-1.1571166187132709,1.669431462811259,-1.3331283547778066,0.8533010541248581,0.025893546691281855,1
1.2960630617813962,-1.214929791461755,-1.1071568168024517,-1.4967753621903934,-2.943759851534508,0
1.205994516546816,1.213175362093356,0.7774073527645112,-0.9670679205789477,-1.8604698293118984,0
0.4730382821602152,0.7240545591614598,-0.645572072035395,0.929616189613663,1.5574320716526082,1
-0.9933586995819507,-2.1598117321346226,-1.0158788269899783,-1.0582265426477329,-1.3938257769372138,0
-0.7955570679408823,0.6261854681702302,0.4243939378610126,0.11474623116073168,1.505002300296698,1
-0.7309562757154733,0.6798206018921176,0.7579218499236196,-0.9774855594254569,-1.1793309152254479,0
-0.28438464960650933,0.12781968551846656,1.5905820726178503,-1.9723750342089112,1.2555940471607692,1
1.8566474365619547,-0.007966465196192152,-0.4817659710934752,0.6989102395840932,3.121813326488816,1
-0.03392522592790888,1.2730291373428024,-1.5947559581633324,1.5548725470065308,-0.17738395485623193,1
0.5720062783004729,-2.2412745942859886,-0.7047284356108838,-1.0200342372321463,-1.1110153791218347,0
1.5163940552535728,0.23890653445826293,0.6021183203924835,-1.9980955622747585,-1.1774003251200174,0
0.6404797952008238,0.6450118580230473,-0.19050310599781134,-1.1046753103580802,-0.7528015517900741,0
1.643378155804534,-0.5731335164730946,0.36064789143579495,-0.9448823460923544,-0.5201301873917645,0
1.0074439731951985,1.2010866165137237,-1.2549226680022925,0.9772032546965015,3.387633657039244,1
1.4769344261182744,1.4230029002045086,-1.167779551267935,-1.4070509133388074,-2.760698627766468,0
1.1806409124521446,-0.596102857362804,-0.6273134459513029,-0.5199339711574867,1.127693305685578,1
0.05225849049748321,1.6372822740250454,-1.060605066396601,1.4616683126508083,3.2961549563877446,1
-1.2032008553891445,0.5099199784262773,-1.042044412243103,-1.5374917790891223,-2.5161210673444176,0
0.2952799406208684,0.47952355727387197,-0.7764991404930003,1.285504621228599,1.5424396991030795,1
1.9203675021442612,0.6120838077232525,-1.222895019555564,-1.4040360620296815,0.746761167783163,1
0.6813623265753054,1.259243604747152,-1.1536922813398585,0.7637534313042276,0.8536096076035302,1
-2.1899217049785533,-0.27698053743836026,1.1945922205137307,-1.5120460512613407,1.4202421043460671,1
-0.9680457585102453,-0.6800547459076942,-0.31030770538490365,-1.373023137217721,-2.536789149549908,0
2.303638752104789,1.4020851578485267,-1.479444223139724,-0.0510299878799243,1.9581643123138215,1
-0.26864575330974255,0.7816912925093958,-1.8363597837703973,1.3982626882485818,0.8814509473997103,1
-0.7296024698074095,0.5273057678849535,0.3614173172731029,-1.282050873887152,-0.1867559679885571,0
-0.05310680169691065,0.7170542353032036,-0.5509818035382495,1.5006754793134767,0.8441418092045131,1
-0.501784192811532,1.0620737611742233,-1.3724655478841008,-1.2971071512884897,2.264727747171614,1
0.33855287628591424,-0.1513965415038694,-0.9379255765363989,-2.2180731265425324,0.14231513819077168,1
1.8325570434792018,1.1698241729422143,0.8141517621182666,-0.9357573479104498,-1.5238004254499602,0
0.19613145902390733,1.8850035472967825,-0.9040682897360003,0.048515834498072286,1.812207265910529,1
-0.0070449854805546995,-0.4118302143589868,-0.21560957856802238,-1.0785993899544952,-1.0301924723318525,0
-0.8807540896027302,0.45687044583830627,1.798725018351312,0.9078473674466456,2.051751339926481,1
0.31745326125017514,1.3288396890946708,-0.33286040438251124,-1.0840968336346573,-2.3060056097361246,0
-0.856498237409199,-0.6685756092735989,0.0976703767483354,-0.17830999937404035,-0.9831224578367113,0
-0.24907184465304072,1.2259784429976555,-1.6728939013115742,0.8545649225115522,0.7948106600541738,1
-0.5555467794868666,0.7859524412541457,0.20438903160297678,-0.25863371699772175,0.4786364038351749,0
1.6147787907098514,-1.763316492457032,-0.3220281544920584,-0.7601769423966426,0.38960085651902143,0
-0.6220348055543814,0.32166069410518805,0.5827375831738644,-1.6507538437892404,-0.9608436854727196,0
1.4509275482792119,-0.10982785741014678,1.8071966436378852,-1.6479777430689306,-0.14321413642732783,1
-1.5708814571259122,2.2267021721473954,1.355572935710348,0.5663971254841794,-0.5691952980709016,1
-1.387868550455802,0.7996662129369383,0.7638603516334226,0.9658473424359295,1.376506401051544,1
0.19548173155329082,-0.1600736646846821,-0.09884520123930605,-1.1952945954261496,0.6756498561244813,1
0.38130961226478466,-0.001388788961216747,0.3116528560047783,1.9303986769461248,1.538830253927012,1
0.03471374875256186,-0.9647559042627927,-1.9685042134380537,0.5374178970899397,0.41024314872176615,0
-0.7798529462216388,0.3970919088314291,1.0819848092499422,-2.4760670179407076,0.7801123764233822,1
0.961987189071841,0.2001788846563206,-0.23701197001262772,-0.9986391581765376,-0.5027437946702717,0
-0.43277388358838864,0.6540173107876024,0.7938184671438157,0.7259828789755088,1.9435360683096023,1
-0.4949654803680731,1.415448141778254,-0.49757249830921385,1.3171528742474177,-0.1211559941128304,1
-0.7076258948220261,1.0996542912201623,-0.7121738641760436,-1.5691427160742815,-2.3959405554331434,0
0.44477380783159476,0.39282644567710645,-0.8256536828021421,-1.0381507774541971,-0.35335026739541164,0
0.4283166923752375,1.3618371593981333,0.07715649621771674,-1.6336453496713865,0.23166718821844923,1
-0.061764199860128925,1.1099921651808513,0.4794415180860639,-2.2551693950579557,-2.0895720759893313,0
0.01282864354368512,0.7406654258325739,0.479827035366833,0.7244822836659646,1.809402660272867,1
-0.33912227927003874,-0.6947126574005688,0.37006111526895535,-1.08933965379385,-1.484345892341125,0
-0.36146276669398575,1.556894868410426,0.41644603810145264,0.33424947191944177,2.2265506659370047,1
-0.21566763754763232,-0.15315151685897255,-0.8729610904537004,-1.1073405255265318,0.6521406348512657,1
-0.40930847409572124,0.7312712894191893,1.0059245117964166,0.9468978881989407,1.5402178429710802,0
0.5114995753618614,-1.4088180980553688,1.9351540400602292,-2.959920840440523,-0.622669716185509,1
0.216624975404619,0.9729661231264836,-1.0257526836402773,-1.9052503374515122,-0.4440607229767175,1
-0.9849931258170151,-3.170171416232812,0.1986800095474069,0.6175214775017586,0.18563773494399083,0
0.5082686396745896,0.4708692509747917,3.9262377064363267,-0.29682486430017985,0.4243373937599213,0
-0.049029340838036735,2.311297796712531,-0.16036008104483077,0.9506763863579057,2.5034497615797004,1
0.04435879751560705,0.8184216933712097,-1.745707432859652,1.1836007430232178,1.0828392535230331,1
-0.965664803523208,-0.2907802233200192,1.6291663649009451,-3.1070695770522145,-0.5432596508242855,1
0.5059655534558652,0.13218666248258193,-0.7282722024066131,-3.4017660298848393,-0.8583675608624628,1
-0.41619440488525394,1.3850753055924148,-1.1300693390403578,-0.061945196298476946,-0.9007010104107582,0
-0.5098066931908826,1.073038601305359,0.03444101170584135,-1.6193258500510999,-2.4400072879112162,0
-1.1430193120737286,-0.7451860537408252,0.8201581867554845,-1.3752520186920951,-2.200392033185027,0
0.9500158286696456,-0.34247702522169043,0.24300472205439969,-0.943256869510096,-0.1934282409785908,0
0.19042388992505774,1.5757594598141031,0.44921872128503426,-0.48710827700185144,-0.5419903767810978,0
-1.2374266382225725,0.8937736105379486,0.10940847183297006,-0.14389792428039427,0.2854889988705882,0
1.1927351654164144,0.3521351182159447,-1.2578681559088878,-0.8077061861611954,-0.5666939356327796,0
-1.1212437400943918,0.7414379065766923,0.9294099847908155,1.1770812813672356,1.214865091677044,1
-0.3613105619672905,1.222995957344858,-0.06418416128881928,-0.29468367467158274,1.3803068568497414,1
-1.1818741254208012,0.8917693709161707,0.44947391283230687,-2.4633123640841013,0.5569496732927081,1
-0.5312142946075985,0.8075974040673772,0.48387665118803974,-1.0876427159061977,-1.469210032513736,0
0.5027448074908146,0.4507793371490719,-2.4932708203300775,-1.324521749711995,1.4259609988320952,1
0.2577525401427507,0.8081928626754169,-1.2417605754816243,-1.5861449250810025,-2.748151504059524,0
-2.0362205028559366,0.586682230831425,0.047493468251642953,0.9448618871475327,1.788966096180601,1
-0.5969742867210739,-1.1619218913418665,-2.390304367469438,-1.4323114919686804,-1.4564830028359401,0
0.54090851856099,1.3297097165930443,0.8761691671912328,0.7943670655358746,0.6967240052684043,1
-0.950910729687232,-1.502476913024033,0.31852100479887446,-1.2227007906928657,-0.9016914842231609,0
0.48206672733538614,1.3170666017990702,0.3687331473175197,-0.9990723925587335,-2.5035789793007157,0
-0.28744751940035557,1.6050865059312034,0.2873289044030093,-1.493341604920862,-1.9393744020201946,0
0.8458028725629282,1.1149231570107496,0.5140625524247758,1.5318082351190592,0.12473788868021618,1
0.2773584619646759,-0.8815737197690406,-0.022278979183713316,-1.26111374040499,-0.5738901078092966,0
0.6715311717290534,-2.596132739810238,1.5280313593878327,-0.5778935728054386,-0.941573724577975,0
-0.6082265074447593,-0.01718466085602466,0.3631156277445234,-1.850562565859705,-2.1925337854176417,0
-0.7170161491279362,1.1487319308644846,-1.2845842656999693,-0.027233560865083994,1.9667276349855212,1
0.9495945713644882,-2.1171480358807795,-0.059415181272494094,-0.3106214765657559,-1.1284232586114076,0
-2.0870270186020687,1.2804269765150196,-0.5846177306571996,-0.49390525499668103,-0.8055316963128321,0
-0.36550593698526584,-1.092203474781733,-0.15129922023252232,-0.8733921071064615,-1.222518171182919,0
0.2167755637626291,0.7981086801999584,-1.097302527632844,-0.8995357182094831,-0.6066348422975443,0
0.3074035697196884,1.0620145563660686,-0.8246122504347609,0.7174365322336805,1.2507434588645592,1
-1.270061088712032,1.0180098144354868,0.2869558543017087,-0.6253762263552424,2.2827689639666158,1
0.486036289417637,0.6370728422503182,-1.5473039889383655,-0.3593130470956214,0.024670274415945048,0
-0.3494393272169559,-1.7140399801466821,-0.7725687487562407,-0.3637408441319202,-0.5305290905611301,0
