feature_0,feature_1,feature_2,feature_3,target
0.09612077694098337,-0.5160447282173739,-0.4622752887050425,0.9382838059759977,-25.857217486297166
-0.47883745600840416,1.0971527117536957,-0.8627757640431206,-2.1533429198712444,-111.73572677193022
-1.8400777445057528,2.5115565515844236,-0.032280611049470324,0.3467099776049199,36.150325926894595
-0.9885911071509175,-0.09833962679474989,-1.103589317215771,-1.6929568141953855,-153.86824529413494
-1.0917008761393143,0.6687416555925126,-0.387099702474401,-0.005596018829046555,-33.78134145879607
0.09707754934804039,0.5132674331133561,0.9686449905328892,-0.5297602037670388,82.50138664233901
0.7081086766885905,-0.1524698363805439,0.9567023167945841,0.1335409047822823,91.99449166410824
-0.838585798447231,-0.3078084711388841,-0.8866809222834573,0.4086073077017676,-84.06699615293486
-0.44643361455052827,0.1866091231563581,0.19408999289830758,0.6078965097165392,30.14663522226417
-1.090399077442846,0.44194064956940904,1.41093237974627,0.16865467196672768,120.32214601080308
0.26912694124510733,-0.3916485674217911,-0.3431922754974105,0.3080505395041023,-26.508521703948954
0.7356219972457467,1.5232386217122582,1.78179890877106,1.667224111551137,239.64521643872064
-0.22485598180807856,0.07685188295876821,-0.6500025808234597,-0.13125696709230472,-60.57039940946541
0.04522270899998256,-0.6273134459513029,0.05119790188108534,1.1806409124521446,21.504049089107678
0.5720574417141441,0.5142547560178349,-0.062191016999311004,-1.5311075025557221,-25.4056176977779
-0.6056155397368641,1.0399046873960764,1.8260097135469362,-0.6690727386599166,154.36785334243538
0.6354180302092264,-2.0038623644067535,-1.2392583948534726,-0.26451484131061076,-148.71092104271952
2.4457519796168263,-1.1254890472983765,0.1292211819752275,0.2799686263198203,27.025195825576944
-0.09363618873917084,-0.4711246518178786,1.32579664754219,1.0826910538870733,129.99002821272325
2.062524919243145,0.42359906559346105,-1.0675329142542729,-0.955122579349353,-78.48754996860096
-0.2646568332379561,1.4535340771573169,2.720169166589619,0.01300189187790702,262.4686980972908
1.5284684264125317,0.26859227886325693,0.5078357562896237,0.0570131248970845,72.11863241768616
0.8760467925297942,0.9553005582377528,1.472670675750982,-0.8892408282283243,136.85194665775015
-1.77623523289832,0.14338846734225108,0.40865281148067084,-0.36927713924620315,4.303212142564095
0.9503075919735757,-1.067802921579193,1.7106133725819253,-1.053682419146354,109.58301815908028
0.4599721429391164,-0.7534178703461835,-0.6777153697521061,0.032004149065766624,-67.80217461608132
-0.6578345538521371,1.0305805856240573,0.8545252270666157,0.5107920885275947,100.20219363616306
-0.646227309843803,0.42719436187168486,1.775310892609512,0.9694572005267368,177.75660250471313
0.28869362927985703,-0.2500465145989528,0.2603218387712207,1.3924653000643288,56.52755385666624
-0.8182206832334725,0.5951570254369136,2.0923872756854602,0.09699596499271819,184.09278045539267
2.9490944253087252,-0.8254105299789551,1.2446795807367868,-1.085150526557798,101.68059109573245
1.030999522495951,0.6116762888408679,0.9312801191161986,-0.6769220003059587,90.47607976757496
-1.0872459388628026,0.0341524174880246,-1.0858251288851855,-0.6757080791616118,-125.01390112248961
-0.4473218956587512,1.0800480657146485,1.281016361735113,1.8732977762175456,175.64982207237492
-0.3613105619672905,-2.6031370878272986,-0.06418416128881928,-0.3021805869826214,-75.555356830253
1.8325570434792018,-0.3212427661179117,0.8141517621182666,1.7388513518533313,132.5568362513539
-0.04692057887918407,0.3465038817307158,0.47704082722312147,-0.46770120131189136,36.098195264564104
1.1731246375866413,-0.33381948975600995,0.3696421921980939,0.6969544045107356,58.24908612854492
-0.037634702424848364,0.39913611435207086,1.1033018820165215,-0.5449190868089497,89.09771547780113
0.30740669780910074,-0.27681329988892067,0.8157372125392968,-0.221253623585772,62.56940380210159
-1.2931415437586478,0.3614173172731029,0.5723903111756757,-0.7296024698074095,20.625612377463185
-1.2804555710024668,1.9114190871397234,0.18947982122108065,-1.0708524186844388,13.266604003004346
0.9356783931474612,1.7522704434236227,1.2715550949941588,-1.1105758454658288,132.32714364410626
-0.18315047105329468,-0.048088507330772585,-0.35667313417987123,0.8155010224442626,-13.38673035770742
0.3904648499288896,-0.13737178839939665,-0.10322175293249623,0.8508979621679722,15.104564698568721
1.0291556373256436,-1.7025836042378404,0.472597482413043,0.40825275571447184,27.65299413270466
0.1566937282465246,1.8972886947731116,1.0235306441853447,1.6957228778108653,175.4456831676959
0.5935567222808619,1.1337700968670645,-2.9403886346642802,-0.194908280352681,-224.2668774196147
-1.3281860488984305,-1.9596701238797756,0.19686123586912352,0.2088635950047554,-39.311312101461475
-0.5193963718261266,-0.13699548944245826,-0.3409078773460798,0.6789312900592783,-22.041136329214773
0.5049872789804571,-0.11473644146689901,0.8657551941701215,-0.7925207384327007,58.5551525465854
-2.3629324355418384,0.9039348410861953,-1.0097307047099375,0.4365598041576678,-88.34186515230068
-0.5240883979345925,-0.409282438113104,0.152354872033722,-0.6947131310890582,-20.82294253215003
-0.031058932870901952,-0.5846177306571996,-0.9096834169818336,-2.0870270186020687,-144.95047514229898
0.918316606002313,1.3920022863445993,-1.570500603623177,0.17989415115347845,-86.84480999617026
0.34767648353833636,-0.08152267310164589,-0.4872285641135523,-0.5041798310076715,-51.842750377064206
0.34980002456790754,2.6930336639804966,-1.0040545968420103,0.18383451632250436,-17.393542568148906
1.2276689924732922,0.37405656984757213,-1.2096410186912054,-1.9937356425714554,-129.79787021561359
-1.141689114133505,1.4775300810552618,-0.19365945927971812,0.08840688629184736,2.354675458344805
-0.5698329282387588,-0.4242363333980435,0.32950873557300914,-0.04551224530124217,10.000897425794415
0.5987943895619102,-0.006521315229458062,0.6683404887180808,-0.20149153394751798,60.48639096303501
-0.36361221221385587,0.1503017614618776,-0.056945623721067457,0.11422764866203965,-3.704499726875213
-1.8362053731032966,-1.331232953557778,0.5079913269125437,-0.7859894605079495,-31.391844307828475
-1.0016200098949155,-0.6819842479977986,-0.2811002928859549,-0.24717738252059693,-59.41755815144181
0.8951932200277323,0.3934853854217496,0.6351718016819695,0.6982233136135899,93.39270874379568
2.5733598032498604,-1.1065259087416703,0.05921843401448826,-0.26888869055483056,9.329582825080971
0.5697672802322039,0.4567532191537839,0.44770856001731496,0.34272534637770413,65.12075788387902
-0.8583577801812136,0.1848361236948739,0.7003098794089914,0.4933179008808892,64.98392642479693
-0.6763923020592697,1.4401172154494728,1.8009404329108156,-0.08973569428722672,174.7184338756139
0.028181157369128247,-0.8984679817910373,-0.009118996644203544,0.5365098435704035,-6.59197186164515
0.8250982646676347,0.15519068385897913,-0.8671302157109003,-0.32789471651291785,-67.91260370835022
1.732514999485092,0.14294309476370676,2.2313001461926323,-1.1939250063990554,188.16018033048925
-1.1701130260593595,-0.22476540189268354,-1.8019804375800197,-1.366878698415421,-211.02748023510273
-0.23893209916969432,0.5467335682013793,-0.36682441181468756,0.840620026504553,-1.223676385170434
-1.1533505105959594,-0.9455068799427312,1.1373145423647293,1.676393027208203,103.89743618322538
1.1218578562304709,-0.9823035803773146,2.3200407220172594,-0.05390484900573916,191.53444489561707
-1.280429352496283,0.6060099513456396,1.7547941819843647,-1.5566291735239037,106.35505988453353
0.9653974845911707,0.9262154022415924,1.2361307218062179,1.42274813609994,176.31468507130816
-1.9122549754197768,0.2700573583914221,-0.06863404608546861,-1.8206033005485172,-73.058366786708
0.6347214685617699,0.4891871301476635,1.1096998419562232,0.3506300992735592,123.85355852115701
2.1709427174978138,-0.8432465953161917,-0.1758858124323366,-0.24606248812994858,-10.004619879066954
-1.0708924980611123,-0.8571575564162826,0.4824724152431853,0.6256673477650062,23.795106650833088
-0.06267909727317188,-1.0592135218889516,0.9551423205012383,-0.5138669173366935,44.75641367505427
-2.1899217049785533,-0.7567639770159263,1.1945922205137307,0.23278674294016363,61.587252735421664
0.49201884799279927,0.4209729443893898,-0.5260348426675804,0.6988284202025348,-11.275647653785235
-1.0727430257398065,0.7479102561175338,0.23924686411114954,-1.9792998103757877,-28.300710171844525
1.5301951988633513,-0.5152183938082427,0.664927162301741,-1.0105982199289134,41.05594508856562
1.0176614668435024,-0.9175028210142636,0.271495310825648,-1.1225448062444139,-11.68511367751012
0.19584525509768155,-0.7783047254023127,-0.978372777615032,-0.5397596803093615,-112.30316157770973
-1.2565068942792563,1.4436320034688142,0.8132051867479773,-0.493122822399772,71.78037049431634
-0.3596296724524624,-1.7858664919341112,0.3011073391917421,0.5731278132412001,-3.957756726687133
0.8135172173696698,-0.3220615162056756,-1.2308643164339552,-0.7832532923362371,-121.71478864392925
1.091310120594269,1.2360931752104374,0.609138120907177,-0.7355299425897666,75.83045758288648
-0.5711789897827968,0.6408428612670098,0.5725827813561586,1.7976865268495226,101.54666793279956
-0.9006207346478687,1.6426729532559634,0.638391925608383,-1.1894118928673278,48.10565988828871
1.1487657003721035,-2.8485426206300755,-1.7397137787780996,0.7716987106483447,-176.51126321546027
-0.6017066122293969,-0.2916937497932768,1.8522781845089378,-0.600638689918805,128.95467801999007
0.12267031599479553,-0.9533286082587124,1.6246784584695606,-0.4827435221820324,107.91691081554836
-1.2457173764463845,0.9184544439424138,0.054934110999848726,0.975816719344709,32.92184596778779
0.35250496835687956,-0.25885440036983165,-0.5703513664136806,1.223083067095325,-18.40535981207814
1.1535903433169254,-2.1056469418403245,1.3863493972628433,0.9778155496862003,113.75477061995832
-1.5506634310661327,-0.5034756541161992,0.06856297480602733,0.09965136508764122,-24.042363953596762
-0.9161919154812425,-0.6905410523162594,-0.8318222082304447,-0.7837656655863965,-119.4294752522885
-1.4785862457798415,0.7708651938869668,1.143754043206929,0.23561455810856594,100.66599950198277
-2.123895724309807,-0.5993926454440222,-0.525755021680761,-0.8397218421807761,-109.20996655799415
-0.9037018607301281,-0.024195606390916165,0.324359281721603,0.40373009033660945,25.007838255235438
-1.3776175007542373,0.43295982536069616,-0.5647740041709423,2.4267164863455224,4.320268294393785
0.9137716213855857,0.8347513263248821,-1.5457297866907331,-1.0921636327180897,-129.79070410482498
1.1356201471829441,-0.23655528721894603,-1.1062935124116342,0.9321915642603847,-60.67566066483802
1.3286408282482312,0.10940847183297006,0.31318447386498,-1.2374266382225725,16.052218373009122
1.0729780477660118,-0.20931381957936157,2.3638724946193608,0.6833289928110694,230.61099717387336
0.6820520657126199,-0.7157599891107518,1.4872461553359273,-0.06717829004935526,119.73339286036169
-0.07964139124571515,1.4122205554154292,0.4523717962497339,0.02421945667275807,69.4465226604194
-0.20585943088034037,-0.19646658342809717,-0.7465783465402389,-0.5164296438875717,-84.4277473981089
-1.5981243518837476,0.5885532697707198,0.46217266608194285,-0.42924442029866183,19.64562316374923
0.4912076654119963,-0.6121669171548207,-0.35802937974698623,-0.4835614838465371,-49.93655234696281
0.34175597577715944,0.15039378647620763,1.8761708392158862,-0.759132661553698,149.86799018563246
-0.8756182533847572,-0.1903386780836082,-1.382799730964336,-1.0372461543264564,-161.615975580911
2.1573082132655035,-0.48791140814570266,-0.6057149230033384,0.6779258713392691,-15.594911008825553
0.7408243454201259,-1.0021874557814727,-0.5132135664715852,0.04091917539572113,-54.94748690055073
-0.18047991359062565,-0.07783719701280203,3.193107567844861,0.883109777147159,292.7970352494755
-0.7424705856980482,0.1946074552372427,-1.3200225112207058,-0.622649361734452,-135.3593069073892
-0.5956612940434921,-0.6537663386488198,1.3744380931708173,-0.9057323008626189,72.11262495210943
0.2704568257798388,-0.8309501164110378,-0.05023810944913695,0.04852162794482699,-17.903856036271662
0.28586539072490497,-0.38770155993598415,0.334456789987025,-0.6127886904843862,8.388529923822912
-0.773789199103573,1.876795812558066,-1.244654703311417,0.41343490322370086,-65.65900756830456
-1.1913034972026486,0.4738329209117875,0.6565536086338297,1.8657745111447566,98.18685446537144
1.3705361439967134,0.7574951493374855,0.6952029000839993,-1.0501407396021456,68.42827100793511
0.3676492929914216,-1.3993061748019415,-2.100026507651624,0.49986412374037137,-193.19800431246048
0.6725737012027313,-0.24125765461854246,1.8998819348952156,0.40981865692851255,177.84671913891768
-0.3152692446403456,0.651391251305798,0.7589692204932674,0.9540017634932023,99.69941908759836
-1.2922626951056186,1.3814540786904865,0.6897078052451944,1.7495839042054206,116.78876213701706
1.1792971840638264,0.11567463429285867,0.06751848141010895,1.551151975522523,64.32878278351964
-1.4789115687741288,0.3918040054025465,0.18335991977915564,-0.5462444482524828,-9.90094323220869
-0.46341769281246226,0.5425600435859647,-0.46572975357025687,-0.4694743859349521,-46.3900387240272
0.9154021177020741,-0.5017570435845365,0.32875110965968446,-0.8084936028931876,9.10786405196282
0.8339221545489041,1.0807807255546218,0.4591800792284367,0.5597904479310398,89.0568363232552
1.0602099074988798,0.5054701591666269,2.7596600389110777,0.47635776935621926,275.2015565518086
0.08658978747289992,-0.6039851867158206,-0.15567723539207948,0.37114587337130883,-16.131749872536904
-0.24415663529064868,0.45353430151397983,0.9640871682883573,1.613711269058647,130.85626638527665
1.0325462043416573,-1.6624919880356743,1.1267051368275833,1.3043402428781525,107.67274285346298
0.6820694900626313,-2.5322460852196853,0.12617790366196718,0.4359753895000459,-24.41410408457574
0.9753124584779789,-0.5014021468856367,0.5156280884439565,-1.466785190615677,9.038396685531717
-0.05658848889989584,0.3099989831655551,1.2189707897936632,-0.1858457521927473,106.03406738808779
-0.5574917850078336,2.2105230015913513,-1.3698029795790778,0.9638791167949097,-51.98624384920636
1.884586305934609,1.088748619704186,1.543243528272189,-0.372206776071053,172.98815209264347
1.4974316831796264,-1.0513099116393445,1.8577023435377324,-1.8316822472060261,110.15390956347879
1.6449677135012837,1.3668742674445247,-0.24903603955637832,-1.5151910621985523,-7.231939792138448
0.3676198402097109,1.0581183250871502,0.1480894197982762,0.6386601686431024,57.570611073364056
0.020793707675407894,2.0574954697116987,-0.7280029412291344,0.6191542610051978,-0.9984329574952575
0.4810092317367132,0.725766623898692,0.22388402427913137,0.10939479460489289,44.70515695765714
0.7077519354554754,1.8124485579969287,-0.5624667758942676,-0.6269670577877674,-14.61604419227613
0.9817654869915943,2.2524358053443088,-0.32483138350862245,-0.6881503451777238,17.78268242656703
-0.24338397937501807,-0.2739930818293042,-0.29983819627488056,1.5628887685081978,4.877433215901674
-0.4070363129267805,-0.9539394193966448,0.6863184569567008,0.014273067836434106,32.70509680151072
-1.0121043752601675,-0.42688106994742003,-1.6548566718657693,-0.15800789857898942,-169.58539984775933
1.158595579007404,0.787084603742452,-0.8206823183517105,-0.9746816702273214,-62.20505541641255
1.5033983017671506,-1.1583646891925428,0.8773622905756714,-0.0036025390905684044,70.47423139244567
0.6515219913395057,1.2748750412787222,-1.1376856704248166,0.8970661968871322,-37.60503456251611
1.9870611116994412,-0.8798143535020543,-0.5309708978119645,0.5628808601743548,-23.14233761365983
-0.6176518954343502,0.1973157074055956,-0.31607285602704976,0.08865759096143744,-29.121165993273685
-0.4593608995402441,0.24822058630033608,-0.8498443694647918,0.18186625505849516,-69.07690644796324
-1.7938924978678903,-1.6873443471107104,-1.3554475031122892,-1.153332403205745,-207.94992211211996
0.18102155870370695,1.173473857485325,-1.2968319479558466,0.6628812686674127,-66.03178037829048
-1.7033824393551547,-1.3801014582148914,-0.05554769889661878,1.6286155455712918,-17.160106189587403
-0.48943944251822213,-0.5308687729203206,1.044160877069072,2.5269324258736217,135.96439146681152
-0.5518581458924467,1.262584103427182,2.5581992856682523,-1.5256563145700948,200.96395040359798
0.07959786237603639,0.13429649724779288,0.5540577711159071,1.1701987091966037,81.53336129984999
0.5462842480036996,-0.014452270878279104,0.0064222698109378164,-0.47383934707091613,-4.405535312537906
-0.1681438185847896,-0.620847598251116,-0.47209057769712737,-0.7877837519082389,-76.8315872750098
0.820482181197364,1.1087035805829077,0.5072740311072977,0.5906548306923093,94.44216865150368
1.6999573745763805,0.3113086734428849,1.0715431522348857,0.19729226563120644,127.56152566610817
0.00020706491819709385,1.1210306673244714,-0.009300321138614417,-0.8224199323822006,2.716772088421843
-2.0674421000398766,-0.03269474809409311,-0.08912003951278841,0.3840654489393073,-27.066893245904474
-0.8181988834223072,-0.5511857163285334,-0.0033744574109520514,0.7783610761666377,-3.6675900430251382
0.6523228784134196,0.8836599374866724,-1.5763921569842494,-0.17262729994081963,-111.365550535687
1.0487071264165635,-0.7557915001583629,1.6554071130882952,-0.1942691319785193,135.06725851301007
0.5059655534558652,-0.9645377949101913,-0.7282722024066131,-0.2798103423770061,-84.1170156579319
-0.20902325728602528,-1.2242982362893657,-0.8505204542093001,-0.13845598398377382,-106.70671216585437
0.19042388992505774,-0.38852077518300926,0.44921872128503426,-1.8697416996954206,-15.19165954049348
-1.183258512665775,-1.7587394864231143,-2.0392321777601006,1.0584244868495878,-203.22351814322184
-0.29396694766418224,0.849102110743144,-0.07159925185806683,0.6955377575657775,26.295136342189874
0.6404797952008238,-0.46649537922819795,-0.19050310599781134,0.9965705105794472,7.768646191189084
-0.8987840483231282,0.10435593752321293,-1.3303136257389898,1.617212574968624,-83.15268602145478
1.4033699701251907,-0.8610879101735704,0.6979032725390276,0.4097627959594974,70.83038810726487
0.3088330125989638,0.02127157673606165,1.702214944635238,1.2382830714336357,182.6373508189437
1.5163940552535728,2.411676675578421,0.6021183203924835,-1.1302037246739238,96.87689511170659
-0.5923939242388692,-0.48712538376469605,-0.863990769679816,-0.6506425691218269,-109.9462747937064
0.33385996656853467,-0.1344967844017327,1.4313667818311835,-0.039307287627631186,123.59702052679826
-1.2391070756539009,1.5490201514951873,-1.46752526575244,0.1018562952619867,-106.40885026160039
-1.2295495944524168,1.9583474542205939,0.4966992232365217,1.100959634998571,97.23673691383877
2.218780233448134,1.6259589153620633,-0.1590452104000513,1.904136589573007,101.46795466320035
0.37710039390218647,-0.36961033604363397,-0.029262813684978354,0.6215718898560508,10.57731621884469
-1.2608839543350452,0.40498171096095553,0.9178619470547761,1.7654542402810969,115.72327991104625
0.49097495163825133,1.6073455760199926,0.7348777860498175,-0.24869112618354708,99.19985945161908
0.4818660617184915,-1.3224579567435701,0.547264797377967,-1.3510743662080213,-10.120746837600954
1.1428228145150205,-1.168678037619532,0.7519330326867741,-0.03471176970524331,53.64500515517994
-0.9519184600222356,-0.21220896990115168,0.07748051851886253,0.07203686128374476,-9.532471387309405
-1.270061088712032,0.19405194360587402,0.2869558543017087,0.3207857259326839,19.777731317516597
-0.9080240755212109,0.3142473325952739,-1.4123037013352915,-1.0128311203344238,-152.96673914107282
0.8481742126666681,-1.3671378064602457,-1.232523314768509,0.46320629209912306,-112.58330874467835
-1.6275424378831627,-1.804882100664519,0.048084946661381994,-0.7632591565425169,-77.71390367705125
-1.6834381922209503,-0.20922187374452778,-0.8058700664961888,-0.5621680265783021,-111.57502777184523
1.2179591523055584,0.22054142701386686,-0.513196364513396,-1.10486279306252,-50.60499139195429
-0.7539645888666763,-0.06259312789952241,-0.28067507686677406,0.10420110395187607,-33.138700801245015
-0.02730453950993186,-0.15852957302697002,-0.933267959073196,1.1965715016644913,-53.637148168964735
-2.4883273534129895,0.03444101170584135,-0.6582484123338483,-0.5098066931908826,-103.15383783195657
-0.9489165208248372,1.52100622715938,1.7473631979155582,0.46667098196608103,182.6220858799424
0.07005216311318138,-0.16882172319001063,1.1618783026081905,-0.1044492185374715,94.36280774395355
-1.8461878622380938,1.0352493347237526,-0.92951086019241,0.8901984111247868,-59.64976273321097
-0.5865312695639355,0.15697296096843422,0.224216404290793,0.6102161695892225,30.285720119669957
1.2795186697601588,0.4243939378610126,-2.2168188393540644,-0.7955570679408823,-183.76474328090603
0.82206015999449,0.4127809269364983,1.8967929826539474,0.9633761292443218,208.0958784634334
1.8005111815108537,0.18384954475369486,1.2389463529394373,-3.0195121558208253,57.98823658678224
-0.07049877805909122,0.5296927543567308,0.4865016438262019,0.056649924897107164,54.04996194826561
1.8489560949453452,0.6962063648134184,1.1265650295477574,-0.23093453020867796,131.79138318601932
-0.5765104007267194,0.7591551603026468,-2.59104229214491,0.541462728204788,-199.90198658328157
0.1053755061459599,-0.9683444548636353,-1.3340254949182044,0.5500520990245519,-120.38898751352372
-0.08059974929676088,-1.7762463334664518,-0.8330560570007587,-0.09546424708907303,-114.25054550953703
-0.6231405264247644,-0.5309969550018176,-0.5554771191602547,-0.637739984251316,-84.51015036223035
-0.28438464960650933,1.6284685547723217,1.5905820726178503,-0.9647054257507148,143.90404164502732
-0.3653215513121087,0.13653533108273744,0.1846803058649084,2.013387247526623,65.46555637065035
1.5231240772696573,-0.8612842013282637,0.5389100436846587,0.0773683076476183,50.3726484335818
-0.8468509661253646,-0.9878733409007492,1.2496189052966666,0.2837510236615011,81.18509697283586
0.03408346825922607,-1.2239402667622565,-0.7699732310586418,-0.6492775450660071,-109.40333226066609
1.6153756894694418,-0.9224101844985025,-0.3223204692113399,-0.3917581490438219,-35.55110257150392
-1.0166831285764972,0.6124687940136023,-0.2440804736742013,0.756788679986982,-2.311913213008829
0.27669079933001905,0.3411519748166439,0.8271832490360238,-0.0771017094141042,80.32695473266138
-1.2504077339697175,-0.0007085945766459172,0.6045153263553668,-0.31305803052315434,26.72642928979104
0.44381942814622843,-0.7076694656187807,0.7746340534293368,1.2669111491866227,89.59551605609265
-0.0821511783925688,1.4437646040732595,1.1172958315881276,-1.251539424190444,94.58549162150938
0.46926758980852623,0.3161559571827783,-1.5355721232071058,0.3350580290841175,-109.98909078255862
-0.18687164416135904,-0.8946073022195039,-0.4397310582741749,1.2557561255735208,-28.016459611365484
1.5795721457307124,1.453384477117701,-0.5228600271532683,-0.4455025214007718,-2.3804496411906446
-0.5888668267386961,-1.097302527632844,-0.8372624310497003,0.2167755637626291,-98.68408722573014
1.246085192497629,1.0915068519224618,-2.0733902324081495,-2.650969808393012,-204.80247916821472
1.7388996637975789,1.4223698616985077,0.9788580507817954,-0.5975101946916416,124.17294833284122
-1.371673697230466,1.197246923645228,-0.7094410024275466,0.42548993324023027,-42.63678544169438
-1.5350402475323597,-0.6176416769336966,-1.8800100339077637,2.2816518365388427,-137.842275461553
-0.9993022322949108,-0.022868062298882122,-0.5047749212282174,1.2969945465611092,-24.49715412114344
-0.7084067669104628,-0.060660813814620775,-1.5137143926128271,1.9011906857530074,-92.41544049547556
0.8691545924968965,0.9854496856152184,-0.4555395260238707,1.5781180575621845,35.090688074084134
-0.8638829605897661,0.41960997202411815,1.279464931657751,-0.09445871444200275,104.89131491509534
-1.0325239035275395,0.9413105807674833,0.39792704994680894,0.19063559126502433,45.549974412200044
0.5436001545944323,1.1727290192593647,-0.37061433208610595,-0.025554070991445278,0.9222489728953676
0.3109075655980046,-0.21344715171184725,1.475356216949552,-0.718444221252436,107.9131703621675
-0.6047446645382127,-0.18452535765584954,-2.205566057099069,-0.6243453897132241,-218.01175977749665
0.7903718960517113,-0.2797601684958344,0.34005129456889044,-0.2789629303318085,26.998391982697726
2.271449745422796,1.4891131083282896,-0.40439742318396127,0.5055892418358746,42.39265672215482
-1.2899608997410539,0.07331796718840389,-1.295078772063616,0.8231705839619146,-106.37377138823574
-0.03468488738678118,-0.7677975651041284,0.23421473253652075,-1.0041407667520679,-23.123578243614933
0.33848384346169114,-0.35316629281068834,-0.29540141013902943,0.19438430157733602,-23.57356768112004
-0.4830610516834395,0.8950383140761154,0.14679301198554937,-1.5811907020321334,-14.92275303190108
-2.038124535177854,-0.4080753730215514,-1.008086310917404,1.2012139221639448,-92.97087410817785
1.8820244964750337,0.4714683571359957,1.3454200461549777,-0.7904744554453119,131.9380586652506
-1.169916835710288,-0.5327008396619114,-2.8722622132816493,0.5136001065697166,-261.4597210815521
1.0062928092144405,-0.38455554422982535,-0.5768918695231487,-0.8604133652839524,-66.23611385404497
-0.2573765374233451,-1.0227925651984056,-1.6685840738775894,0.6135179727304166,-153.77479612355327
1.328194141849058,-0.25083301645504735,0.5562300094006599,-0.32267983884213575,52.27258904587287
-1.5537587660160643,-1.0718572330401555,0.8178896580250287,0.6704806172412126,42.24294930520315
1.9203675021442612,1.3313390619884031,-1.222895019555564,2.1247714030169615,5.3834460967211415
1.6324113039316352,-1.2477831819648495,-1.4301413779606327,-0.2525681513931603,-134.33466280425756
2.2988981236192503,1.40934744018558,-0.36283856043965906,-0.5172884501003722,18.229769422858876
-0.16306696394376388,-0.8818746512277178,-0.7449026448064491,-0.026521259249060063,-86.46382275133594
0.06752820468792384,-0.22577630048653566,-1.4247481862134568,1.465648768921554,-88.79395827787384
1.5541604207147741,0.34233783448962146,0.8539759765522237,-0.33513778117145177,93.75497828774736
2.1898029332176723,0.18334200573835174,-0.8082982853551515,0.8723206367206782,-12.858738176882792
-0.8895144296255233,-0.7537361643574896,-0.8158102849654383,-0.2453881160028705,-105.37266864361315
1.0240625258114624,1.2083662305931424,0.5925269492011831,2.061503576636398,144.57690588544904
0.5320061988219431,1.0613709648731335,0.3616610612470166,1.1008213984226052,90.05069960473915
0.47363207681145447,-1.1308884353259157,-0.9263811299815384,2.0565435648295414,-45.46701068701955
0.2125740306322149,1.190548594343596,1.0269862633197322,2.1650560678066024,172.91225127399275
0.5387559924463692,0.0760053914124115,-0.9206735930793662,0.5583269125217224,-55.618807233093854
0.7833905092825955,0.4620608932518965,-0.2515388860444957,-0.46440426230938764,-12.588242265537222
-0.7076258948220261,0.47004418736820214,-0.7121738641760436,0.4322629506341555,-49.4974289917358
-0.12951724686344077,0.5835443030118876,0.5798572852951321,1.0417246640588513,87.35416326135541
0.5609194479412387,1.598647170504717,-0.29548031802916036,-0.25879606266710237,10.970526804924054
0.14125714008746323,0.38298898474092846,-2.1305664798072006,-0.38502181171286365,-182.57784443355396
-0.018708756445897416,0.19473619471877485,-0.38851845308888583,0.655900776529761,-12.639191784941413
-1.8751724696457446,1.3404504460231446,0.11502607914741717,0.31917451041918043,21.77464295034181
1.1941094030473725,-0.6775646523356551,-0.9811655311396816,-1.7258067287905967,-127.0120704592383
0.08182935854756501,0.8384907744516419,-0.09888965319114267,-0.006070911539893324,10.946761526969576
-0.9046143749937661,0.04600274725327412,1.1727568452674448,-0.23811043631205406,82.97781888318633
-0.9077561801469204,0.9022771737866472,1.5192839236417688,0.015618333949603047,138.28804664744976
-0.21701705042437042,-1.2585049106753345,-0.3084827884558197,-0.7095798547491726,-75.48228162728915
-1.0022170189267248,0.7760279138434754,-0.752435237353035,-1.317131919946585,-95.24216361489943
-0.12270893359572414,-0.9600462952794637,0.09337237427665124,-1.6548874362282961,-57.347565261317754
0.5972282182533848,-0.8950698422766047,-0.9483480042242007,-1.1755946056248516,-123.2915601348145
-1.2693304965466992,0.6927227551168594,1.7025146581296056,0.22526411724754952,149.81077495610427
-0.2176812032272203,-0.20219265243389406,1.09877685198719,0.5470973811700379,100.93687982262163
-0.9254246260595873,0.08568716140335904,0.2553837556743171,-1.0138959522925377,-14.985582940173279
1.649480894323921,0.8555556590207121,1.0706105599791862,-0.7068925679873489,115.73306068394247
0.06699071722487192,-0.2813275571182134,0.5159392177040995,0.7368438970924334,57.99515903921871
-0.275051697151644,-0.57581824064468,-2.301921164735585,-0.5305011476105275,-227.86702684668865
0.38897872935218375,-1.2094769354188053,0.2514736089405121,-0.30085974714082625,-7.402121852729521
0.7326400772155792,0.05194588580729943,-0.08071658010858232,0.7276295436369798,23.091789123932205
0.4572804046152411,0.08199555641356042,1.4558223221467665,-0.7341737987784958,114.3043310819965
0.018819049740598424,-0.37630072492499606,-1.1716543473175618,1.088769654216672,-80.7230166685933
0.5298041779152828,-1.129706854657618,1.4415686206579004,0.8356921120651418,127.63147598642158
-1.6685992588781953,2.8684030556667683,1.0587285298838789,0.012499321907250335,131.41503196437003
0.6218099622171964,0.9725544496267299,-1.5702247198904564,0.632407739055521,-88.68237804873128
-1.5708761520684993,0.4477169258102776,-1.1267674689098053,-0.10730214400422888,-111.408594128866
-0.21566763754763232,0.6464895377257707,-0.8729610904537004,0.2314459225255723,-58.00355572580242
0.9983108981479604,1.5213160519224513,-0.4316203127180484,1.2171585208254965,41.31639009589052
1.235782191822154,0.40429475496169764,-1.0710536796490489,0.4367385517335095,-54.861163809260184
0.6337768809320985,0.3098207102270275,0.41379909745149823,-1.1875984190295128,20.57431028664263
0.8187776437548606,-1.1482632887526183,1.5379319184125528,0.8113965544915921,138.8967231664554
-0.4461834332147797,-0.6526239793023909,-1.889540730945531,0.8406435489887241,-161.27640749735227
-0.3216350512173826,-0.3492577043184288,2.076747983560841,-0.3486521344078592,157.224950542871
-0.7345915767980492,1.1647393544571714,-0.810252437014381,-1.6151318159055095,-95.64229771964573
-0.5081401976473109,-1.2207124259141586,-0.14778031881747153,-0.5505368494915835,-60.73335793471913
-0.9649234605801045,1.3686315575323487,0.6860514599984393,0.6453759495851475,92.38684519547147
0.08520944963390106,-1.1476913898156673,-2.9911359709007233,0.32405702822156063,-273.0232564721699
-0.18039168176240783,-0.3574454228104272,1.3728484746765302,-0.19003903500149447,102.68616884277753
0.19808476076785494,-0.024125087110003277,-0.14436041192394247,0.013929291912946203,-9.93912372462573
0.4258436586298291,-0.07722104522304557,0.4182057558879721,-0.6073544332122114,24.413417632469926
-0.30920907704986345,-1.4575514994649306,-0.7521564055905832,0.08243975293450329,-98.94902664903462
-1.4480843414973241,0.2320499373576363,-1.4074637743765552,-0.4710383056183228,-147.73843127643093
-1.1617838439123638,-1.869816339532164,-0.28313889674376713,0.45060341286253885,-70.16323742492733
-1.0962750868952018,0.015579047581467534,-1.4400508825942944,-0.1730718242838696,-142.93469132297665
0.4384757388097273,0.7181857257079345,0.019616657693989903,0.7153813154412441,41.9049742655523
0.24380071377119883,0.7083564472993533,-0.5640786307367284,-1.0212328171307132,-55.502546641772305
0.570890510693167,3.852731490654721,1.135565640180599,0.5150476863060479,203.66417082960254
0.24496657110872277,0.2436872114919123,-0.5069431753711298,-0.8222203955664315,-55.82960345763988
1.2004139079444254,-0.9716140385106515,-0.6568942789713957,-1.3471262895296965,-95.88823488773241
1.7349365758368085,-0.7837535211244283,-0.8567720938267928,-0.2885486958757048,-74.11861892783156
-0.835142901630023,0.15175799224874037,2.0895387216947734,-0.31984752325484395,162.87055360514333
0.5655096456315442,2.601683114180395,-1.7607627591558177,0.24075317948856828,-79.84746300101692
-0.6353623888256293,0.6197114459661363,-1.1896666590903613,-1.876552706041874,-145.3623588955604
-1.236950710878082,0.7818228717773104,-1.3204566130842763,0.25988279424842353,-106.63079022540822
-0.6997255079925856,0.03526355197172861,0.213979910734222,1.9647251329163893,60.061762992094074
-0.8874921778021001,0.41953244390702776,-0.43745830032341043,-0.12094814860778157,-43.79285673138014
0.18676676447707832,-0.7257438131534656,-0.7553829323533225,0.517659020469123,-65.04963748445846
-0.025574312191994436,-0.5089636257074988,-1.7690759048891183,0.39241596717876703,-153.59134633128988
2.5600845382687947,0.12200981464536144,-0.09605989972464987,-0.5756378262377739,15.07915054040358
0.46654531145012695,1.1013229577357622,1.3462257562027482,0.4441983272906719,157.8470055133087
-1.8179792253871547,0.1435879365051602,0.7597122954841684,-1.9511018640386248,-6.56096116093338
0.7082144232565571,0.018849622944847662,0.23321613126350166,-0.09858813228426173,27.684577965044994
-1.252393444413119,-0.01208894784605456,0.3636318826249679,-1.4511756900515589,-23.423930425477767
-0.1973384203073261,0.08958068125524882,-0.1512732836535117,0.5556044660034485,0.5110696531553789
1.3821589910375272,1.1692955904456728,0.6487098875896427,1.066674689589154,128.06764406311243
0.3674816654743044,2.98525900260341,-0.3135296861723979,0.17521141890851205,48.437885629249095
0.5027844268951942,-0.14896930976729691,1.7963608229269636,-1.365824155415439,123.11125976957187
1.259233239786799,-1.479444223139724,1.1464408704007276,2.303638752104789,142.16257782653952
-0.8696630812746944,-0.9020515543575104,1.1254347844147694,0.3764095260975166,74.59448079774775
-0.6465728842425266,-1.4222537095976742,-1.081548003614395,-0.7563507452843033,-152.7857481957975
-1.2032008553891445,-0.6497652268482671,-1.042044412243103,0.8745170741325226,-98.06263418536592
-1.2601647651725802,0.23070090571868349,-0.6163614080394775,0.020886488295961788,-64.67097335325873
-1.0810565404082624,-1.2767485758203094,1.0531528533329035,0.27157883719537346,54.19264722642443
0.01843393306539316,-0.18398333635267913,0.34758170536167105,0.17086543812794186,30.31636457145045
0.8071225966373103,-0.49163618563204736,-0.9735461997044687,0.20965941527462578,-77.94361816182311
0.5082686396745896,0.21539650545628794,3.9262377064363267,0.7682072166317373,368.86536720571087
-1.5255251709247388,-1.0700847663261526,-0.6919080698812444,1.8466369960476658,-56.9130624168841
0.5646059258936003,-0.3340772309799405,-1.0196643386921156,1.1243533598705027,-58.48100221428235
0.12229750303228377,-0.429405541125253,0.5432980290363879,0.12522450264790727,42.264783995558254
0.18970616761039566,-1.3631740045928105,-0.6619821777966091,2.0243096232868525,-32.474869649348356
-0.11622904312195817,0.2522403964266774,0.21471318317052634,0.09175248444837286,24.777119221230933
0.03800347816820029,0.4363236696740321,0.1200313267182613,1.7275431701007113,64.6502756359296
-0.48536354782910346,-0.23681860674000887,0.08187413938632256,-0.7728252145375718,-24.694030668719417
0.7116148780888898,0.514438834058749,-1.1246420918378692,0.12029563171189886,-72.37114117481029
-0.695694877197064,-1.2935076252040958,-0.9181269834165748,0.07125374991089249,-115.4195644763754
1.186734620177331,-0.712220763649051,1.4363354057059785,-0.8810683366612923,101.52782713897267
0.486036289417637,-1.3354815690998914,-1.5473039889383655,0.5565531245337582,-141.59372739865742
-0.09139955750911445,-0.218653277435036,-0.08087849786546131,-0.4545477187434442,-24.641823345588694
-0.07744346072599365,0.13106518621584873,-1.1952937635992447,0.4004813865063287,-90.80049744353428
-2.5623336587953105,-0.9943493746085122,-0.19102776260016902,-0.22859991534001858,-79.60045983481288
-0.370508098590029,-0.7847619081277034,-1.405567019178642,-1.0896330373423884,-171.13207352970056
-0.6518361078021592,-1.2110161997624567,0.047398671316414016,-0.06607979864731657,-33.357744616291214
0.007063158628176452,0.04977368718096008,-0.6603211394734471,0.5006657213812097,-42.47160518954495
-0.9913923494563072,-0.8469613483183278,-2.153390113603715,1.5945050632249722,-176.44737643309938
-0.07160125941406395,-0.19634984908497827,-0.03722223650984159,-0.2590421458207031,-15.229657928335373
-0.30777823495300083,2.16325472330546,0.21915032766393897,0.6454841811410754,78.89355891982233
0.241321934916781,-0.29660745906979835,-1.151014083619507,-2.529560077694303,-166.7506515745054
-0.5258796758952039,1.9532591375265682,0.17775010626803134,-0.7090209576304904,33.00936975432518
0.19652116970147013,1.3291525301324314,0.7090037575885123,0.6427227598675439,109.51759294797286
-0.6749340187905523,2.046862195719558,-0.4030759890650308,-0.22247489677826537,-4.359899746065394
0.22228985580085406,0.42544486418417227,1.2788658133133932,0.18517553682991406,126.98284866928516
0.738810480887503,-0.2595466775839172,0.6153674840130534,0.5131057981760827,70.37508033724846
-0.6124373746404379,0.2871241652018242,0.36150352520610163,0.9531366339132451,53.426850627719595
1.0302834540318422,0.43004164719106963,0.23878915902651351,0.38193545223155334,53.87156203559331
-0.8153756283161211,-0.6382827265284942,-1.066234931899225,-0.8319549174944512,-138.34216860457468
0.3241663524884421,-0.31026675659345604,-0.13014305436768459,0.6819529712949639,3.8824490309066855
-0.4173668136050844,-0.9186865114860944,-0.2950899142379063,0.5555126463422483,-37.27351140885065
-0.11676591579524663,-0.5495402745955349,-0.6355578414044034,0.9153902755601617,-45.01923332409712
0.5839281853259639,1.8467073257360336,-0.35929209078705954,0.6818914896263114,35.4338434822468
-0.19469729611668168,0.7450053128772811,-0.06418817710849775,-0.7188323876087304,-10.105525175682914
-0.1769472274940494,2.0102045387663496,-0.7982972445384537,0.6585442726728304,-9.918425102965433
-0.01926037973439464,0.7846042878980238,-0.2628908292082677,2.412615421612916,56.37727833442761
-0.11564828238824053,0.1713682811899705,-0.3011036955892888,0.7384665799954104,-4.7833307020753955
-2.438817158276429,-0.5827586576115821,-0.13427916218630415,0.26536234939962844,-51.32806697988726
1.4711703274936085,-1.6135613978767411,-0.20932367715186612,-1.3719011429313563,-68.32165893936686
0.22213377163371284,-0.30917212346863937,-0.4787486216634773,-0.4344962274323156,-55.999021817122184
1.6122782579886454,0.9528745472029388,1.3149144535840473,-0.13744851462769186,152.8160388068749
0.3801978510059632,-1.3353443587101013,0.6105857452838231,0.17770100093325383,32.81687666366741
0.9751197334177512,-0.6771617115121117,-0.14705738150213865,0.07580455819372633,-12.249652636620313
0.39069592092814415,0.3405892164004968,-1.326472128311083,0.5514762752395233,-86.86938354716077
0.33417641724489744,-1.2417605754816243,-0.15525904882474875,0.2577525401427507,-29.514093843242833
3.0788808084552377,0.3112501545435361,1.1195749114345768,0.5765569630557664,160.52011347349054
-0.17495975669540864,0.9920423495365228,-0.7557451594928447,-0.6680904536430488,-62.52373458486854
-0.033126972873797095,-0.7309300399419191,1.7945578635177877,-1.3793192280145272,102.20998186817734
-2.6197451040897444,1.5646436558140062,0.8219025043752238,-0.03582603910995154,67.89421386114611
2.0236062192296393,0.18474057889572446,0.006799844559997769,-1.6076610271180587,-8.536450438161047
-0.949398888831943,1.0536417966078395,2.632382064837391,-0.9758732529773327,211.34372807962856
-0.4118233689636573,-1.3367254388759306,0.13192796677195706,0.17528677893392386,-19.347781092457094
-0.8682927318763665,0.38961417737090387,0.5346290861224353,1.8709651753717822,90.2825230795219
-0.4776455826040052,-0.41361566562964275,-1.2551353719733949,-0.38769991640856116,-133.54466715779117
0.12637957954641182,-1.3459796802467485,1.9389289990582848,0.8712972974572442,160.91218107642877
-0.9162741005637249,0.7211353625455816,1.3554428011054958,0.8814075289235711,142.42143311676514
1.1070806692869728,-0.9745293046706415,-0.12038116395359824,-0.13263374638257355,-19.871346697751466
0.21319662823768915,0.6713400764504657,-0.7519693317388191,-0.1601327955666404,-51.02086687708166
1.0857863249393471,0.4676931717654332,0.09798315347089544,0.25373966149457344,40.32155605699545
1.9725421767898081,-0.07566560432583026,-1.385987942398998,-0.07397286359437803,-95.44024520746851
0.17183933979353122,0.8902475008365087,0.5532512199847837,-1.091933900395313,41.60207390362684
-0.28744751940035557,1.7246966497611085,0.2873289044030093,-2.0841129394985884,5.317242533270637
-0.6967718184295749,0.6256309336460009,0.5820265670847269,0.5522999376795232,68.42541512577155
0.024510174258942714,-0.7730097838554665,0.49799829124544975,0.09767609854883172,28.65522190076128
-1.072139011985607,0.08614388304637476,-2.9213504834946074,-0.8275902206487197,-285.05092688929733
-0.22939074406802776,1.1695899924277735,-0.04347694981386243,1.0473177066214483,45.449433130800756
0.06428001909546277,1.088950596967366,-1.0777447779293061,-0.47193186578943347,-79.74908606692372
0.15041890514357642,0.49568188797260465,0.3649610024662254,0.8700677306887542,66.68973470834617
-0.6459641791245353,1.3748764191481848,-0.7991920066502536,-0.18289644110484016,-51.92898017565118
0.6127739050625697,-1.0399059271255309,-1.0534155631736561,1.1081828167375165,-76.74441319366952
0.6543656563540577,1.496044311489183,-0.05558467091045507,-1.7787202489042786,-8.365051830811403
-0.5289777080640152,-0.6085897232397004,-1.0565576427602528,-0.8245141615276735,-132.43374508994685
-1.1818741254208012,-0.0003136726117747121,0.44947391283230687,1.7611881248673737,67.35510263785895
1.7549330716472415,0.32159321133923857,0.01840163078343813,-1.514470309180767,-5.949734250058237
-1.5839028234857233,-2.4238793266289567,0.7604146561442974,-0.4523063192490767,-21.511359108326495
0.8696059201056602,-0.9221653241776254,1.355637858804951,0.7569886166453519,127.64691430616388
-0.099094300241269,-2.1272274203514954,-0.6028206557839616,0.8467707752164937,-78.54499107668146
-1.3598561409799192,0.04643654815614881,0.7462535660272207,0.19109906801990334,51.36708089512671
-1.5769964821909972,0.13906039865341766,-0.8028244439508423,0.861636124497944,-65.46146221557565
-0.7330329955239894,1.631856899089109,1.8180619225578247,0.20232879642280202,187.08316294240473
-0.661786464768388,0.18645431476942764,0.852433334796224,-2.025142586657607,16.251496988684583
0.3227185603380895,-0.2886586389201383,-0.827230943552323,-0.01851313599238993,-73.37045085357501
-1.7249178325130328,-1.913280244657798,-0.5622875292409727,0.24196227156603412,-108.22921407369367
-0.6255627015095294,1.3800913541474515,0.39580353343740904,1.4765403497258958,93.60573078829262
0.6327818661062848,-0.4152879139008013,2.270692857804396,0.3384964074944141,203.34467785762408
-0.8353470532597573,0.27899416222380197,2.1451491277733883,-0.6734906242438685,161.78834876171155
0.2010990467149675,-0.05761879703358539,1.050654396007612,2.403415585238275,153.36029758306177
0.39379729821625153,0.3687331473175197,-1.92767257934561,0.48206672733538614,-139.74600709247997
0.8294748419317485,-0.9399031011088647,-0.19382613877280352,-0.7691423497872982,-45.61420942191128
-1.344450511034277,-0.2817846088605072,-0.9186519464841982,-0.42018681709585726,-114.39408802627842
1.4205042479898549,1.1890165311075518,-0.5707462937494763,-0.6373871273065177,-19.685580831769503
-2.929448690002268,-0.56060763684731,2.052972024501663,-0.12765468151819012,120.154231422113
1.2130976999791834,-0.3164084496948019,0.14171691363990474,-1.092312764672579,-5.849147562368597
0.19548173155329082,0.5697603571986469,-0.09884520123930605,0.4914294527201998,19.484985120041546
0.33126343140356396,-0.3092123758512146,0.9755451271223592,-0.8392175232226385,59.96438969883871
-0.0739475656083926,-0.15083771156669531,-0.4516594761596227,-0.46580556911816284,-55.034932229959125
1.277664895788425,0.117327383308782,-0.5915713888358299,-0.020901593964148132,-31.002278943563237
0.2110174672026184,1.6964563682900382,-0.09671311187039239,-2.081929407883722,-21.307434440049253
0.4581681147886987,-2.128734094414812,-0.9797212247168068,0.0785770297191498,-122.77589304946704
0.57707212718054,-0.7968952554704768,-0.2030453860429927,-2.4716445001272893,-90.41511346884322
1.1797252083607102,-0.23052462518025083,0.1941076309533577,-0.7179188907476018,9.379231145164882
-1.243863235391285,1.7495767431869393,-0.6929051977959073,-1.4026052717996935,-73.87668040544347
1.196631486645651,0.4446026682201407,-0.6097829043193822,-1.1958830620351844,-56.55689862798992
1.3103087461196083,0.7796605322693398,1.395683810789956,-0.30803428418574125,147.37243105731054
1.7359638031652493,-0.6891878180895679,0.1979107834626478,2.0752608726252655,78.92508944854397
-0.02435459226098284,-0.573700003938579,2.1422703586118637,0.5228354880354996,184.50355188967325
-0.41619440488525394,0.7505791675217656,-1.1300693390403578,-1.5171736966716791,-124.97143326951331
-0.01901620790268883,-0.1599385299634271,-1.0025293646378088,0.8576596232020194,-67.8943512962067
-1.0263692076658921,-0.24268127681203333,1.23000057271915,0.7060789138151315,104.20114069001859
1.2897527540827456,0.38115838488277776,0.6731813512699584,0.7533416211045325,103.38993334409919
1.75547569831549,-0.20447122098612153,1.5730197252148563,0.38632331781156,164.83369068862828
1.0560568090660518,3.1377485336599937,0.22323891412915967,-2.1356742139786955,48.42817640553491
0.34378788154988543,-0.9571509148950429,-0.04865235157045115,-0.9637589262106109,-45.39808758356692
-1.1063349740060282,-0.18565897666381712,-1.1962066240806708,-0.47917423784528995,-134.4498396619718
0.2891686439078181,0.4924512640081491,2.4553001399108942,0.1664522082130561,230.07199293523968
-0.8162172445419648,-0.5639474880582432,0.07814306296964744,1.105900424357309,11.376081631120128
-0.22979963057519381,-2.219300372747535,-0.8514064342603136,0.08589300629333041,-122.95247661139283
0.028318376130461172,0.6815006973726244,0.02975613949574519,-0.03955515385665504,16.811521844056045
0.22907468820570256,0.0516609768510798,1.0743180127155614,0.9583858198420424,121.10709698849516
-0.01383774609423725,-1.9196731561976563,-0.6897277740641738,0.02538842054241018,-101.29116040332602
-0.7632861041785816,0.8872908372667421,0.03793783544760203,0.8691560643892732,34.59402540631299
-0.8096035199216461,0.2801611588196068,0.4240610444640897,-0.02640575695892703,30.739712685667474
-0.772659445270824,-0.6769951384585313,0.8301918118626102,-0.952316380738797,21.349725895108783
-1.0065425652796411,1.3175975356079597,1.1398785611290454,0.1684609762696143,117.3660818500059
-1.1057046684859357,-0.4108142879545848,-0.21492103028873533,-1.0909664302151982,-70.64559296808801
-0.8036745679697308,2.5797093376543185,1.6391168054440675,-0.08828204835125482,184.23599544361747
-1.024186824329205,0.6308116845547775,1.8540925663341883,1.513449743242131,197.99694810939306
-0.9983854391882915,0.46877425607502377,0.30179189981946597,-0.6022120603617805,7.244805040611326
-2.703232292999237,1.0010460925671412,0.6778753195309076,0.1895816165987434,47.77481013098292
0.924027019206901,-1.251113576385303,-0.18490213644298903,0.326133022242118,-22.555826487276295
1.6654744444625766,0.9826909839455139,1.0143700650181304,0.25602973431387566,138.42422059063568
0.08228398927542419,0.889630795623437,1.0654803750653512,0.26705026586925884,119.14809214197875
-0.1671217137864115,-0.5830774385689385,0.28257995048829965,0.8604734883597454,31.074174195005124
-1.3386057997232488,1.4532606633210343,0.6929186230316111,-0.23086637384476896,67.27614913487191
-2.5302875227463297,-0.9193845915864234,-0.2860042218801108,2.0740826697499735,-26.861874021074595
0.3514482075415829,0.7083038472010638,1.0701502383164274,1.188913371474643,142.7299828609505
2.1531824575115563,0.9592708260852069,-0.7673475628880495,1.4511436077950417,22.129136070812955
-0.9393353938187543,-1.9754665663538713,-0.14408755572161547,0.06447441481012024,-67.21434363654815
-1.389572466763596,2.2909425725907417,-1.6453987469568918,-2.499405714873573,-174.1144083463327
1.7269638512334051,-0.372833152091767,-0.39963618561460235,0.7223813578277714,-0.16452520411530258
-0.4911537471421047,-1.5486182988637467,-0.28487549336967083,-0.1767741631157821,-70.11001181331713
-0.33477533210654087,1.0299608175811612,-0.4036484632419967,-0.643549832317462,-33.060751114840926
-0.4465149520670211,-1.5148472246858646,0.8563987943234723,-0.846793718068405,12.244212888092477
-1.015821818978397,1.1486373494287152,0.06167984984797165,0.20056919723094285,21.719107454614544
0.20726732939894396,-1.0039573720814985,0.06934433703625043,-0.9218598131253132,-37.05837320913042
0.324083969394795,-1.763040155362734,-0.38508228041631654,0.3436182895684614,-58.635625417949
1.0786808334312956,-0.45888426286894,-0.03850846950070721,1.6839276914578687,44.60576690551197
-0.1115088271429437,-1.1410085097527383,-0.8049664808525608,0.6954024745502987,-77.94040426858635
1.2208212988130478,-0.5336003064391669,-0.8767737812118448,0.5002404694365699,-57.31485824944187
1.2065089665083568,0.14671368643332283,-0.8169356709872361,-0.16711808031685435,-54.680751256160576
0.543479378670093,-0.8463159774657358,0.1998104337187135,1.2637066776546686,38.369078105306315
-0.41790954576589057,-0.03901951937754412,-2.025807873111377,0.7793490039053323,-160.6190168580783
-0.03143917037477642,-0.9266983088473107,-0.8484286341908146,-0.41299782214343406,-104.3944659675397
-0.8476339286190848,-0.21804589539237385,-0.6520888885930607,1.80930634973311,-26.112052524148663
-2.1218548990085946,-0.11806852699107874,-0.6078219870944325,1.3171150673398653,-50.31909193944794
-0.15589817793666752,1.2358116200069387,-0.5482872964906009,-1.1165244399486591,-50.83214181128435
0.09806753953894455,0.6686548047579066,1.2958717818630143,-0.1755639454992155,122.82519976790086
0.00511345664246089,0.26105527217988933,-0.23458713337514692,0.29612027706457605,-6.819896515935419
2.095843501809159,-1.2390527025266425,1.5944423917491968,-0.10343122429028392,135.78019540167756
0.07156623721939247,-0.8560838259088672,-0.4776574467651167,0.8303358165442456,-37.81209662588103
0.25049285034587654,0.29698467323318606,0.3464482094969757,0.5219415656168976,53.194191717262214
-0.11122606134870032,-1.4137144969049802,-0.9039076414647897,0.169360824036078,-105.95200161147652
-0.6068651778571754,-2.120700152635066,0.45768658605355206,-2.238231233324972,-73.074980544575
0.0917607765355023,-0.29900735046586746,-1.9875689146008928,0.08704706823817122,-173.81934280845942
0.11958036841415326,0.5792914996010884,-0.9730689408815555,-0.015309849172995557,-69.615583918669
-0.965664803523208,-2.4932708203300775,1.6291663649009451,0.5027448074908146,84.40641964067764
1.2468917155347194,1.7041055162554912,-0.062004009366031745,-0.05240445057746945,48.134910075901125
1.4185313451480366,-0.2880388739220764,-2.4878086565350794,-0.6277339060845056,-216.6647382888283
-0.531454551359215,-0.035825578706462934,-1.5678594253654559,-1.1115802495135512,-171.3054836124373
0.8903831635197862,-0.3570292008066094,0.5752050161065663,-1.5178737466808094,14.986405829671462
0.6963874474567153,-0.4532280493272752,0.9553052085705107,-0.17018462252492844,77.38656548352289
-0.172946059923423,-0.8848027140269009,1.7117084801423434,-0.4432822511915103,113.74506273217487
0.04351466864346608,0.4632885301181062,0.5581395145185063,0.41486550036191044,69.42105101804098
-0.5482687949250771,-0.5391227031489786,0.8333339117803071,-0.6078752606758179,36.50973858248692
-0.016422896072752075,0.2237879516388985,1.188393273448084,-0.5176112990361714,93.5734937414781
-1.008554684076208,-0.5388418561927383,-1.962625691672579,0.26044226333355597,-187.7726784220762
1.2119439853864005,-1.3659557112005343,0.26125053123385605,0.6835693232004776,26.59644052365129
0.5866938014752747,-0.25890497370407733,-0.47490365662252443,0.28328787154614216,-31.21884128583184
1.301741289398798,0.2992925804064919,1.5615111967268527,0.742095372009307,177.7193794911565
0.1733416643704082,0.05088770185601806,0.24395319790850026,0.16476084123651674,28.730264114450218
-1.2946814757209058,-1.1196698946261439,1.1608267873785194,-0.36244094140313216,47.868092815530034
0.41293145427562433,-0.32138584165299344,-0.5637245528039747,-0.8254971967925115,-70.71804268226927
2.0997217891665154,-0.06613261462582246,-0.24702570074599667,-0.4367197360405955,-4.814758168113273
-0.9457460606967811,-0.4159669279473586,0.6082461916849685,-0.09662367001488972,27.622195904397955
-1.6924646297148194,1.0941915184709485,1.5295503194606137,0.055724912288694604,133.5970978924153
0.5950294658355647,0.18142662011397137,-0.5574230531083212,-0.4561208274741882,-47.43149125464972
-0.7019916878067554,0.04059169120388238,-0.6629009175509482,0.04886007032570433,-64.59372030007347
0.20838280794755248,0.02688583899453078,-2.0417348684242906,-0.22096417382966393,-177.74054043096686
0.23402445435314795,0.5530400858523584,-0.24852861807444937,0.7751554940347831,13.888193756058191
0.7472936051232618,-0.5601810401969696,0.6103702654334648,-0.8289950109220723,29.146014942237347
-1.2070216478572156,0.33802348110170816,-1.0753123930492379,1.2769653860881878,-68.99335884695202
-0.6414869090443096,0.01914777741575206,0.487872284871074,0.42588720619303577,44.49926947671897
-0.07201012158033385,1.356240028570823,1.0035328978920242,0.812525822394198,136.08132758398835
1.1590740649558977,-2.049941278577478,-0.336254738681072,0.714609790636618,-39.68322247053805
1.2816437950037687,-0.31771509675623405,0.5576910607251245,-0.375196380323937,49.155843037763745
-0.3206676255571917,0.8876554258738361,1.7952113559123222,0.5345056484805503,183.04499165419855
-1.1306153349375263,-0.7582820688875902,0.6227112239002686,0.19502498402812674,26.102965420382137
-0.08268068584269925,-1.86653661707306,-0.12174750838328353,-0.7168223206028049,-71.01495253117723
-0.3899237065594453,-1.7518288067517191,0.15805348992013185,-1.1543626682329844,-60.08862429140913
0.32135721545027307,0.3287624103034804,0.42192075423528475,-0.06413834659299254,46.291063663140996
-0.4263575962055433,-0.7517910500951843,1.1484457091967548,0.29875290836568624,83.57025204197366
1.0375399442578992,0.3336621052869483,-0.510016398854747,0.47897982574639186,-9.910303954577723
-0.6373077470287948,1.2289805024890619,0.45838670355148425,0.5348173363459102,71.36320480768717
0.0012054753622242368,0.21329370737293857,-0.8170886310681906,-1.8936146669537857,-113.89822789129158
-0.08343796979036086,-0.6500239344068982,-1.44964521969853,-1.496529255090079,-178.35150556429795
0.9751976297824297,0.23836898273478513,0.5010941699398452,-0.9273531341905741,38.01894160363206
-0.2949496782920278,0.8949243769444413,1.2477420726737338,-0.7184072655691974,104.43040129182535
0.14866745720211155,1.490726136849952,-0.33708597111803934,-0.213442870930208,0.5576576338427528
-0.3270173176097711,-1.5975991695954321,-0.21345677935043825,-0.9245641143780999,-81.7084219154493
-0.07443342910004629,-0.24751863555150475,0.620672097550678,-0.7271371758248686,28.187959873910074
-0.7353034606819523,-0.5244481362626519,0.7214793237573432,-1.6566232076777738,-2.1980705760561365
-0.5589218472715883,-1.5231869047837747,0.37721187506452086,1.1950466289248425,21.551093921722128
0.9873345165891019,0.4663583744463345,-0.07595102364252276,-0.23401985910698136,11.255510866121153
-0.03275327021599839,-0.5468589412403921,-0.543424771133765,-0.5736620068802363,-73.77155005628413
0.3361449630262288,1.0071333364731596,-0.22747625995340778,-0.9733788380270346,-17.749627740952032
-1.5193699659540134,1.0324652605511468,-0.48423407286625136,2.1221561970126332,14.436048820833907
-0.0349884904969617,-0.7031764251258874,1.77080063563551,1.1492733262856758,165.55196365029641
-1.5929937335316693,0.31978193414253697,0.440474737960399,-0.6013676439512137,7.432311634457857
-0.4700421477595015,-0.45209033283308037,0.2658782296520485,0.8823330623234091,28.956930516610292
1.185704154662997,0.5366527525272862,0.7189533106650667,-1.0469109826819396,63.38243614229454
-0.6267172245899651,-1.3796181647889305,0.8623934723827588,-0.971656734541286,10.039255645156555
1.0599363840466218,-0.3920126399191296,0.6170059495766975,0.6934789119139937,76.75833748545107
0.5931012579683838,0.6159356069442637,-0.3095464393139903,-1.0810633275998973,-32.45935648248857
-1.6075598643689741,0.9375701376265584,-0.7627247785662142,0.6592456684324051,-50.16041516783719
0.3376026620752022,0.2544208433012131,-0.4118769661224674,1.1677820616598074,4.738252526333199
-0.5501152829365389,-0.8320613048498566,-0.14702542343084998,1.991553302204734,12.461647133716426
0.9192289345752035,-1.4382779783173667,-0.668144085538994,0.11327041053776446,-73.60102001194792
1.9925153531681183,1.7193779062072967,-0.7666565877833479,-0.6058608207588934,-15.926632600782623
-0.39210815313215763,-0.3276621465977682,-1.4635149481321186,-0.7020530938773524,-156.45898909256573
-0.3609661658190799,0.44426331148603976,1.159329803364248,0.7109599682034915,122.45333204304234
0.7589285897867651,0.8534155587803077,0.2811914239693758,0.594754341665286,68.66871025144923
1.4769344261182744,-1.5166425494207911,-1.167779551267935,0.29562448874709507,-105.76687367432876
0.6032475005713938,-1.8579014513982872,0.29815846599052565,0.22899639245934025,-1.160535008012141
0.43477006455689116,-1.7476365098282616,0.47543068252662346,1.7120402840178925,52.02986543969465
0.9113627221747217,1.987275999230808,0.10575379127148042,-1.3683150388328105,30.470773499681957
-1.6394841625254342,-0.22954865536034708,-0.39247110606087293,-0.6039806259692295,-77.06767210158661
0.6504500925361392,1.4015985929464294,-1.503080301759818,0.4183982208886837,-78.50253502400625
-0.1087601484568576,1.5327389130025777,0.40171172209894146,0.5193465142411723,80.2563566243717
-0.5767713305683327,-0.9075636620415979,0.755391225825756,-0.23894804686640975,30.86854431131804
0.2671266510114834,-1.5841359430054898,0.5087250232299338,-1.803139676255945,-33.734692063191716
-1.6064463202575725,-0.9555404406004258,0.2034636358672231,-0.12791759148076653,-29.234330834477113
0.8794170411374032,1.451001438131336,-1.0773760769847582,0.33085130461557777,-39.97683377022539
-0.0332299906444608,0.10855970577652314,-0.2081168572725397,-1.1437262073206618,-45.216540845360626
0.2525688459966235,1.063940987560856,1.3845320475939062,-1.7760117540484022,100.25629599177608
0.0953441994413082,-1.5648027713620551,-0.2634482160822491,0.3496500472996937,-46.93837602316696
0.9843223984765838,-0.998354040738791,-0.21398884422550896,1.5505004928140769,12.94768717239112
0.3885786045309641,-2.152890592952483,2.4929995174327906,-1.1033666061738736,143.7464318970995
-0.2918112689155441,-0.2523535021262876,-1.563190808696657,0.3230792731160291,-135.75408780006205
0.7250957868479971,0.513085420097293,0.5161782871149584,0.9531250453760867,90.08721247059161
-0.535963445114048,1.0859821161750323,0.8080577982811451,-0.9354387020445953,61.731441565559216
0.043602446372453724,0.5514853760404675,1.695051040430753,0.12320480678448567,161.64431728290336
-0.6626237589458467,0.543360192379935,0.5705986685931593,-1.6694052811213718,8.886997129695176
-0.9194242342338032,0.4735924306351816,1.5499344050175394,-1.0623037137261049,103.71834218890005
0.14488783309689118,1.0450884740847535,0.02390304328495547,0.24930859564172886,33.49505624089241
1.083051243175277,0.5607845263682344,1.053802052034903,0.3577873603482833,127.0775063050476
0.028744822934817487,-0.3933388123273607,1.2784518626072987,0.3686733088729012,111.04513217458779
-0.41360553342164424,-0.8603850107795019,1.8876876573401904,-1.907807557877391,88.57472319703525
1.305478807154329,0.8135096360006385,0.02100384163275905,0.8254163489880298,58.821117178693626
-1.4438548161335418,0.6012067489291149,-2.296180953137238,0.0005279588565972928,-203.83589678590457
0.05963036992017413,0.9246336829127688,-0.6469367777055739,1.3993554365860021,1.6265923640573519
-0.7924199209999613,-0.14451867071551783,-0.3079615296390403,-0.6751782749743815,-57.75386746124506
0.46642998243352635,-1.356581804623405,-0.03564148229748357,0.2935579321666293,-19.02899423038021
-0.5551995266931984,-0.0657502610729878,1.8811570694405901,1.5655240292343404,192.5033041865409
-0.5466800845872654,0.17682087213939798,-0.2716551103260533,-0.7217375533372533,-45.57653098606805
0.33231401197959165,1.277676821898509,-0.7484865365565536,-1.5341141707356223,-70.79312891262519
0.6870657958589163,0.3131321400131553,1.466540859278603,1.3764964500195378,177.74444551027526
-0.12754912037753421,0.9216501119244593,1.5111549302473475,-0.1891203907770335,143.51124691481905
-0.8184286659420014,1.5634133588321082,1.532367724678116,-0.35141423571373254,145.8732869552907
-0.8783230771797389,1.9412174364637491,-0.3780078990182172,0.6654168236917787,15.238531563963186
1.2000789564268612,0.21128369227947272,-0.49190244750620515,-0.6067002947652967,-36.5438746899234
-0.966976143129213,0.42545756178496474,-0.047711356141979855,0.7858001586508322,12.017680474715227
-0.4442932600761116,-0.9787637157823074,0.3773004930448522,-0.26987493529337125,-2.2000659657445416
0.06980208499001891,-0.6002168771587947,-0.3853135968617602,0.19905969557347003,-40.19547776892276
-0.6248185776956788,-1.2795769667357015,0.026091050210833786,-1.8408742313316453,-81.87297406793819
-1.5047203740310022,-0.08310557262869477,0.7600559636896026,-1.4063174636718339,6.932379310113999
1.2374381346841392,-0.0635245746153551,-0.45730165508679,-0.8000385643976464,-44.098909745711346
0.513907849658915,-0.6777449705248515,0.17958178193959795,-1.0003313246055747,-18.133820656487345
1.5475052013300616,-1.515744114997232,1.7958776730955217,0.2029230208512997,147.40221158123802
-0.053120653017545344,0.3891591956679287,1.2235688824186275,0.3721054726068629,122.72399839930434
0.058208718445999896,0.1537251059455279,-1.142970297830623,-0.883857436201133,-116.58654952480482
-0.5923559556520536,0.885231482988991,0.12354769595558233,0.6255080168310357,37.838716564620604
-0.78489831308224,0.014688194729197093,0.648280433843859,-0.1340171666729177,41.7040742911909
-0.4646172972983931,1.1876793884615637,0.2011596558728393,-1.1790397911598025,6.94295406754562
0.7197579421481819,-0.19090379172729868,-1.2932729578711637,1.804348109786743,-59.14275654448092
0.8294055811834892,-0.21910052880886424,-2.211135309007885,0.32692737376416264,-174.98207006949707
0.6141667000434252,-0.22096959953322298,0.7575077100473051,-0.11232804969082982,65.78996171755482
0.36139560550841393,-0.6451197546051243,1.5380365664659692,0.36163602504763415,132.2459542576067
2.2724347204468818,-0.09791524644290406,0.8890371222798921,0.5222506360177785,119.10426319396826
-0.18714426500454878,0.4283070972076486,0.985729995679863,-1.0623935281468797,64.35317606359568
0.99626681944714,-1.2829922241885696,-0.4937565831613125,0.07682189106025536,-55.138513859341636
-1.6826586941226858,1.8071966436378852,-1.0240285908863795,1.4509275482792119,-34.245890294858484
0.6385924587773739,-0.9043166251044086,-1.6615200622689599,0.25972250172148187,-147.14321953203526
0.30263546523903323,-1.146345393018688,-0.7542758500193579,1.633431532301096,-44.15669844268652
-0.04889718347410554,0.8451579711843216,-1.405189846803575,-0.2788833941507565,-109.81996586234862
0.2806364044901364,0.996858773465808,1.7586204841951334,1.4641772387524374,214.4846544474235
-0.15178509503558332,-1.9520877995225019,0.5883172064845765,2.1330333746562666,60.10198359210833
1.0391117874202687,-1.1388331177807691,-0.07576428653545988,0.6222071440434019,-1.4538432161479438
-0.29748220087385013,0.9040175547613144,1.3119837385739466,0.2243396567780826,134.38538897245002
-1.3192471945987674,-0.6256772874962124,-0.20298063739565708,1.0964692338108837,-21.326171410229467
-0.5441140021141926,0.6031874310823431,-0.1627929060722942,-0.3286184757489846,-16.445231661594214
1.6699045043514062,0.5885784044206096,0.3946715298229811,-0.5805234498047227,55.28835428024914
0.22530792204094158,-0.17435425790283585,-0.3695269288333586,-0.02355215087423812,-33.11058601841408
0.1847104747810833,-1.2549226680022925,0.937915537510655,1.0074439731951985,81.24249595266117
-1.4075116947178212,-0.37144086599579146,-0.7778166875908753,-0.34268759408034877,-103.13950765566574
-0.2549772174208553,0.10643022769189683,1.5039929885826886,-0.7128457826771644,109.84028616451363
0.5796331732135757,2.589563642018614,0.32579631658216646,1.1873860515647512,123.54665731397695
-0.012246772846914623,0.6283455092642799,-0.8972543714858315,0.6241198170521551,-47.33909709981901
1.8861859012105302,0.4040508568145384,0.17457781283183896,-0.16128571166600914,45.680324960267114
-0.061764199860128925,-0.24149744587077882,0.4794415180860639,-0.2561797524953801,28.33898116245707
1.484116028535965,0.47240627788037737,0.35561334878566,-0.9564363768180087,36.896470927293
-0.5938114080687051,0.07715649621771674,-0.16563141031763223,0.4283166923752375,-9.891743769232304
-0.025026958745143917,0.4746982328799528,0.8177662992002871,1.085895565831578,108.22079386426074
0.9163276747024814,-1.9982006845321076,0.3464884758979927,0.07863519031609059,0.4430938158990234
0.6387302220291846,1.1870303055603801,-1.1430049127304835,1.1055259329579838,-35.04420962615981
-1.7730324682068814,-0.05139372358848624,1.2619215007139917,1.1260502507721681,111.59880466204581
-0.049029340838036735,-0.81240234893742,-0.16036008104483077,0.678946987762233,-14.943570564092948
-0.553649305347182,-1.035242322419374,-1.1978778925888485,-0.10703035995455783,-135.81884467916308
0.010352619843380607,0.5578103063518622,-1.3118362323501596,1.3902075490173134,-64.5671628964649
-0.43676423723821745,0.8260471714415063,-1.6065771007386793,-0.1314725956716678,-129.25094925873705
-0.5503051538454201,0.2606737658239071,-0.6716233679380516,0.4940301862827388,-46.96547701720009
1.205994516546816,-1.6304732437151401,0.7774073527645112,-0.18689615816198485,42.64939341594018
-0.22648409884983192,0.5820977034686158,-0.9594392367234797,1.221033695525353,-41.113770811579144
-0.9627325652846123,0.1704637709965709,-0.20661127969604665,-0.34254920085776497,-36.14496965356125
0.5211224283793383,0.28555407485765694,0.645215585950057,-0.05489400061628639,67.51234356878388
-0.09338685889994829,-0.33286040438251124,-0.5293321124483709,0.31745326125017514,-45.973929092186744
-0.19068240076334658,1.9140313538667861,0.21743287317972287,-0.6237689606958051,42.27935263731748
0.7441919714999368,-0.6475418056351592,-0.181224173218103,-0.3583401520212222,-28.8061986265183
-0.684629825760004,1.0075136898369221,0.7906255991627686,-1.8665399513606162,32.887248733719964
0.4822489526806572,0.7426824183597224,-1.2376624223272978,0.07595526791608741,-81.38285693440608
-1.0385438208439723,-0.3748220566218061,-1.6312758154609455,-2.9069882193216414,-237.1833117453129
-0.002403840918853844,0.4751677464953816,-0.5892716517893062,1.1038773433162576,-11.949351837635437
0.8419836954521269,-0.8966422273152082,-0.36920720044744615,-0.11066536855732945,-42.65022886475498
-0.643518230380143,2.165002344901084,0.9278401280812372,0.45588777208160763,130.21254740214377
0.32674476460232005,1.4524675344707454,0.30047435961082836,-0.4532484090230134,50.79505524815526
1.0760071385985983,-0.796025856803489,0.02131164867194222,-0.31905393566661816,-9.026871920482954
2.6443433470170348,-0.10594835430413566,-1.5029703283951532,-0.46531045678005334,-106.87793067687488
-0.36146276669398575,-1.0147594931858521,0.41644603810145264,2.0860470495371137,61.658517411505095
0.42961821913258585,-1.6609609335159914,0.20768768716311115,-0.07016571145864703,-14.771645226152481
-2.6042138566271342,-0.42076179368105326,0.19894814679649453,0.8868873900973003,-5.4714998368704215
0.48473281729447476,0.8527736751222195,-0.8463566549908735,0.0678555105274033,-45.39783431174844
-1.3985675738191412,1.9094166404701305,0.5629692366905709,0.9261775475316414,95.01393393001423
-2.1523835446091804,0.03003147916408217,0.8764556455029355,-0.8617030702562581,24.27956088012327
-0.3427145165267695,-0.42064532276535904,-0.8022772692216189,-1.4153707420504142,-119.12411582504168
-1.2883076174635377,-1.276304416538336,0.2927154821418534,0.5737444210044131,-5.925266261307584
0.1764415552772252,0.6931056072631441,-0.3670278390833223,0.42881650033057295,-2.6509876930968472
-1.7785875840065168,1.192507512477975,0.31965182591897723,0.6802161054504494,46.73287275262516
-0.2685306479058323,0.8968393158655319,-0.8911922254152874,1.6122206282554243,-19.159244214630377
1.586016816145352,0.6621306745210467,-1.237815498826849,0.11351734525124804,-67.031381496018
-0.15005558703252672,1.3757068133116195,0.12557645347154225,-0.29756350335999193,31.431353325771475
-2.6968866429415717,-0.2727235697476705,-0.05429486651781221,-0.24574306408594432,-54.146436881176136
0.14088624691120394,-1.1196174332890112,-1.7684393655628516,-0.4888494217862741,-187.18680621999408
1.230874513154735,-0.4853058353678683,1.6850142787085094,-0.742484232538384,131.954998205451
-0.6095122021592831,-0.30522470435466764,-0.186971302985446,-1.0651136630753726,-58.35115018057024
-1.1967886464263116,1.3305749040390402,0.8936976893891109,-0.7801991291174627,69.72718322101043
-0.7303666317171367,0.6795977489346758,0.21645858958197486,-0.7153037092599682,5.399176814674761
0.7324921027798023,1.2723535001067678,0.28872366282502326,0.26402008133367,69.60252555911649
-0.3871306497895146,0.8595878869798019,-0.04541121793223822,-0.5495571359085801,-4.24302298698655
-1.4218106667418438,-0.7567950885694608,1.5013336519554867,0.9960476858058164,118.21872114916694
0.09933230542922587,-0.977555244798551,0.751387123371789,0.5009171876243808,57.10497520685359
0.47323762457354485,0.714000494092092,-0.07282891265687277,-0.2234627853258509,10.387648039240986
1.4027943109360992,-0.9093874547947389,-1.4018510627922809,0.7910319470430469,-100.88229581126797
-0.3839712719523516,-0.9980606273144129,0.2502002062516945,1.0519476177229186,21.149769384498224
-1.9670697035871523,0.14035986984804696,-1.1171864617070024,1.2005316584738726,-89.40456476449116
-0.42930222451725997,-0.03703679704841202,-0.692420979873856,-0.6117690909052854,-81.8366058446055
-0.9958153947902291,-0.4081008391602206,0.651136241823657,-0.8953463223630241,10.31221838081578
0.7942646796218271,-0.5290526773462948,-1.2542894231692494,-1.5625458568865427,-148.69788555883036
-1.234348871879922,1.6155828235482317,-0.5924642591528942,0.9648516330974576,-7.735853257088195
-0.5816809139486437,-0.20358036010236177,-1.0147567306928669,-0.3791277409874871,-109.3174345758554
0.6220699903060487,-1.3122191934314063,1.3289333195354096,1.0817667276728287,121.4624302871781
0.22391413406466143,0.5524899544171478,1.3641404299738442,-0.019637798926681216,131.96236840096554
0.8711247034316923,2.075400798645439,-0.32602353216784113,0.2897748568964129,37.27326286052984
0.8953554307625996,-0.8043157596599924,-0.6315777291653314,0.6295295842218108,-43.66016653932897
-1.6009039784765156,1.4898634386020821,-0.828497024780246,-0.22320225463480511,-66.0448140015703
-0.5583017539460305,-0.6172531865469232,-1.100154232971695,0.8389405004696122,-94.4048375884776
0.7094518171390395,0.1904996797790664,-0.43548637056984335,0.33198033056901455,-15.046994824270795
0.26256132900192497,0.8743891807127275,0.19358991136754436,-0.47622087354465903,27.327018325055743
-1.2021495260760888,0.20438903160297678,-0.39568071175626385,-0.5555467794868666,-60.37345527459481
1.66125921454787,1.772251596669744,-0.45709625658627184,-0.027514905050636255,22.021705481047377
1.3173940656343257,-0.535235211560568,0.19759960469239965,1.0495527153193351,50.2146362301489
-1.548960525053475,-0.9040682897360003,0.2579759812211809,0.19613145902390733,-14.133015426370658
-0.08836295920533532,-0.10960980392583083,-0.3700110298821277,-0.4363858905265686,-46.595672697183886
0.03823799496002834,-0.2346205699574138,-1.4485914146335441,0.8584511166566653,-107.10364569293036
0.041325632270618466,1.494938227453236,0.4430021304473752,-1.7312013034449254,27.223271223654265
1.0318445394686349,0.19655477651157463,-1.485560373036972,1.4469778843537329,-71.91514639530708
-0.08923415422144892,-0.4114931445621802,-0.03757064497948127,0.07268052432934134,-11.738661361838046
-0.8108575112103382,-1.0150941918278686,-1.2575778589146163,1.5805406865683735,-101.11487002426085
0.6659242520544614,0.49774308909139425,0.4215866106144557,0.23007075919140207,62.32190614571342
-1.5859833122379583,2.088442772869925,-1.879924385139045,1.0213832954293984,-111.17209392653223
1.642015160136369,-1.3230897934074983,1.0098170893426341,-0.6389617476895022,63.94046747463719
-1.1036698285303692,0.5221425459339358,-0.33078922432755736,0.9784221120280351,-7.171908191459995
0.4400144500533324,-2.198805956620082,-0.5020542243526112,-1.448013900416244,-122.707885829127
-0.45909031021899177,0.4559041951707027,-0.6946003691631446,-0.6065033882157397,-71.46122652699509
1.4196030045136372,1.321304032273012,-0.6004235657387051,-0.649373038321426,-19.52144179588058
0.4577728661518858,0.7789365035121141,1.6744924333475373,0.4395012306202264,178.54294399372225
1.5421099525678756,0.18455130319703697,2.006092888159123,-0.5642475986573886,183.28199475846827
0.650201177958661,0.8724573282801447,-0.09917586377938291,-1.2803043986708944,-13.050864358503231
-0.898414671348358,-0.5769036556624031,0.4919191715065057,0.9504238381860503,41.44931530534807
-0.13944627568099954,1.2038844371688162,-0.4501892648514116,0.6157711497711416,1.723246085955112
0.5150352672086598,-0.9378250399151228,0.5137859509122088,-1.377669367957091,-4.816599565027687
0.22409248181041677,-0.40122047188583626,0.01259240078179486,0.6901439917111125,13.110779976875357
-1.9093560875072928,0.7396531517246714,1.3183023248526693,-0.13939720066323416,99.65294465195689
-1.703871586826719,-0.36650702036805183,-0.9244659881295544,0.9514492770580866,-86.71488746299491
-0.5487249077409615,-1.881849045497639,0.09284490114111471,-0.12853751143893075,-44.5141758911901
0.33088023221445706,-1.5558956462036273,0.8335289616089246,0.2337859117907477,47.68823881664907
0.5114995753618614,-0.535316712567659,1.9351540400602292,0.4961991873633163,174.26825014269693
0.6663125009092119,-1.148794035158656,0.4625912928539512,0.6793732829565033,40.98586461528495
-1.1808128153088449,0.54711911517521,1.114321694668872,0.02246589281204638,92.19766294601831
-0.32034730819432017,-0.48388583405432156,0.4241659464019164,-0.6514180036144483,4.510440979500979
-0.5262478565174211,-0.4997301761516306,1.3883377782084478,-2.7475048427252347,30.48190707908481
-0.5353281859539227,0.8474216771504216,-0.09053328230416077,-2.172669546014036,-52.04933567450293
-1.0676204293825944,0.6228499323474987,-0.1423794850212935,-0.45006547147924364,-24.84926522816098
0.1920491164900316,0.39331783939437187,-0.3091164642025014,2.319329539981694,44.21640317407828
-0.4749453111609562,-0.3345012358409484,-0.6533292325737119,-1.2002964070557762,-100.78862138705645
-0.33130838318332273,0.9681846605328611,-0.6122367345077503,0.570612997219531,-21.150495984507277
1.1834936668899279,0.4512253193185082,-1.1780408673763807,0.9003985883950636,-51.848570211542686
0.8128621188389601,0.30729952087660933,0.6296288419236122,0.8995998754332507,95.15473758678016
0.29219272832637316,-0.6677795564688862,-0.1873290184063747,-0.936506374789596,-50.79558739417118
0.132969674146876,-1.0265152994110602,-0.7001208149391732,1.073631749859772,-53.3525805602475
-0.24032539815813503,0.7129984301723881,-0.3748208075495975,-1.2221278088919454,-51.1742597035988
0.0754336389015928,0.7421274910718922,-1.6019658118971685,1.639964529371393,-78.35680439648145
-0.5835993263460049,-1.3971181851129912,1.0383788510193166,-1.28716356858425,17.415353259052985
1.1581108735000678,-1.2141886127877322,0.7916626939629359,-1.006017381499702,31.567522663839558
0.22445181855997204,-1.4643748802098202,1.0470983026121545,-1.2257656630023412,29.26409673608714
-0.38817681854122876,-0.30246968648812833,0.1704162223754877,-0.6134026635409398,-12.984976577474761
-0.9896048202585809,-0.5112156764311852,-0.12578692009964815,1.593186626639397,5.088349451842987
1.0114630354083562,0.0036956718478473255,1.341475915530881,1.9625871905307948,179.67730999306653
0.4200944904518413,0.4826878872092127,0.606850593215671,0.9218015019772522,92.25459542465555
1.4926885689595217,-0.8031789506803448,-0.2711236010425688,0.9135846262332494,2.9611651412391002
0.0184183791895517,-0.35151348404130867,1.6764373122752827,-1.8707919210258557,88.4953063302991
1.2657078408647007,-1.0276751409259581,-0.8661748482145009,0.15985639199740037,-75.47999663585833
-0.5302576183724408,0.5040465155178444,-0.7928728322623442,-0.9857260463355437,-89.58827662226646
-0.19236096478112252,2.463242112485286,0.30154734233361247,0.06023020994102644,79.2036844699019
-0.7699960661974573,-0.3519213178165091,-1.2961166642498945,-0.48720292119492714,-142.33187185842942
-0.8304444065565653,-0.8082657216409264,0.5225141052657575,0.08531814256502405,17.819723614199212
0.822544912103189,-1.0577109289559004,-1.2208436499710222,-0.013497224737933921,-117.20357611163007
0.2965755451407618,-0.47949296739924335,0.4631847952675847,-0.4430440211284823,21.86995681028927
-0.11453984525261789,1.3538723741654128,1.2378163119734618,-1.7131345290908775,90.8897158973342
-0.22346598237185214,1.8381836767951225,-0.3493167961181975,0.36728731340134063,16.791521728713448
0.8484308822052846,0.058022734808395225,-2.246889333984605,-0.04282338131157488,-181.02321462358256
-0.5286166817497568,-0.651356893791829,0.5863640187550933,0.3996879517526416,39.01798011796319
-0.9815086510479509,0.010233061019587049,0.46210347426327075,1.1631637521549596,56.270743428766416
-0.5245202662797737,-1.1290517712172292,0.48937456122791806,0.7216720640432351,28.29557097427179
0.35701548596504734,0.8496020970210246,-0.6929095952606542,-0.5893647569442115,-50.942568419642
-0.9905363251306883,2.1904556258099785,-0.5662977296027719,0.5868570938002703,1.108719011464161
-0.2489641484790735,1.7553408424432044,0.9715709509543554,2.060747924881987,171.69159326775656
1.360658595838651,0.2773769379581917,-1.308820399119112,0.05993263026632825,-85.85672961441446
-2.553921134901955,-1.4848979684499035,0.9343199112392737,0.9495541354413237,36.51980782388733
-0.22647889190152676,-0.82688035403986,0.3673655068161781,-0.877982586756561,-12.474733496409435
-0.4606387709597875,-0.7198442083947086,1.0571222262189157,-1.4785219903674274,30.733691313607434
0.058984221589597374,-0.9822940342546795,0.446872500802698,0.4535087125544674,29.18089004384651
1.5007597906343109,-0.4281151609659125,0.8502217421134929,-1.556581898659751,44.463900483670805
-2.4242402602729416,-0.7472116791478234,0.8840453963610497,-0.021367294348436157,25.232224167928937
0.49822174849678513,0.24650477843200488,1.1401490385212665,-1.111457956937032,81.83592224751534
0.39445214237829684,-0.4325581878196209,-0.42098448082026296,-0.48760622407249354,-52.70326190444063
-0.10015407647995278,1.2269332238843076,-0.20367375017696587,0.7660802783846903,27.740044299262188
0.08382662792936094,0.7890566873755189,1.4104591452035038,0.7045065398247231,157.93399002430584
1.1173988159024608,0.501782736167545,1.4484992298929262,0.1600182258527877,154.99820842269926
-0.0952955323869521,1.5774532797634744,0.27902152577033923,0.24938368371075526,63.83021471428486
-0.007972641316617372,0.8816397569494505,1.4799441388900259,1.6871416350725648,189.6480269295035
-1.1227220215622986,0.6748194921666038,0.3824097461840506,-0.04946370965243295,30.882735591910425
-0.9824873935383096,0.9407711879882159,-0.2246331499970246,-0.9896281365703375,-37.42141702845225
-0.4511588584089988,-2.832155598110569,0.5517407999109204,-1.5193460754768424,-60.22441124853774
1.3995946451457935,0.5740712208940013,-1.342127748485115,1.5898389781806839,-42.50497657869309
-0.7728776678236091,0.9475264621228578,0.4070522871245351,1.1241127199860135,74.06058003345237
1.179440120721287,1.8314587658543537,-0.4691756521047048,-1.3202332070206422,-17.321786212354223
2.1439440893253257,-0.6516003476058171,0.6339190223180112,0.045571839903813784,70.82789635466683
-0.24123605785632987,0.24333944932269183,0.3520553965142968,-0.045586016355497805,31.08381783491441
-0.1131280525157404,0.12307820165618115,-1.2992163634458243,0.6405429350747734,-94.14964677227032
-0.41142660711600243,-0.463161362085399,1.1539007342557472,1.2002617497388293,113.94770291369434
-1.345870923473215,-0.30372602877666466,-0.8192578597214978,-0.6581164890752567,-112.57268813469899
0.005243699718183166,-0.5993750229537729,0.046980593764742055,-1.594427658794367,-50.056202336992044
1.9764405845154855,0.5844129804724842,-1.5642416117110514,0.10589445311523424,-91.50499673520764
-1.801057734152739,0.5008444749444569,-0.5426737997340217,0.6380511014407572,-44.038026631601
-0.20812225035727522,-0.6226995198205938,-0.4930009346588328,0.28099186773503265,-51.776611167514865
0.12810441491078928,-1.4307751021180481,-0.6810516574748808,-0.04015795064434341,-89.17864143388614
-0.3294477863470914,-0.3020454994898642,0.7318707042882956,0.6791427754381955,68.92390376961885
0.32297450361766816,-1.3724655478841008,-0.06100397185538355,-0.501784192811532,-44.058160627705064
0.43693816974634986,0.0030460201534144695,1.1906462747863413,0.1605739810498646,112.37274482095464
0.47347189903522846,-1.0211624575603002,-0.26764109089879357,0.9515497705740428,-14.676304382728954
-0.23040071420576733,-0.7584953347000695,-0.9242331442683044,0.03279699541158651,-98.78118469731349
-1.2995812369275976,1.340461051790348,0.8297324178791745,1.673452090298537,125.68564696854892
-0.3301200939664503,1.503419828428999,-0.2116669819311769,-1.5614932224418594,-29.48077932345918
0.597400069849858,-1.2276078151369925,0.7011727423108983,1.1894704889246406,71.6564959738347
1.0683793336940164,-0.39622967810175985,0.604120889588518,1.2395840064415615,89.55257840943153
-1.2111719292807812,0.8925973382993092,0.7307641190665245,-1.9701038177118355,15.275606547388424
0.49968511030293383,0.23940450053537707,0.4720022709192744,-0.580053241370043,38.059863871706376
0.44130715169924584,0.7719201548366751,-0.7331561971099966,-0.17280173739646437,-44.535082914630074
-0.46603650186824225,-0.14760258629866868,-1.5947030672667954,0.32316771418478146,-138.6257523137109
0.2942241290134937,0.26348721533105957,-0.234407800316322,-0.5029747705513431,-23.332117497139368
1.477894044741516,0.3571125715117464,-0.5182702182736474,-0.21967188783751193,-22.057652156288146
-3.2412673400690726,-0.05952535606180008,-1.0243876413342898,-0.926930471578083,-157.7780100673152
0.14098269961206,-0.6141225650083162,1.5886269280435958,0.1455211977682408,128.6898955773261
-1.0589075870566005,-0.5057467042619367,1.4816634024625988,1.9541574337502863,151.68569163132355
1.0005823180429783,0.9191541736100015,-0.6706202090766449,-1.19363683175648,-54.15521460731162
0.7999419019420501,-0.30317978283427544,-1.616310608436588,-0.01941960588773261,-134.9014613410484
0.793488720552213,0.8108082731597821,-1.7485319732381808,-0.1343087414705478,-124.77893256843478
-1.2926253471522626,0.2078025073533134,-0.5321685631271895,0.8407344821295493,-37.56527575895464
-0.03361256470371301,0.820344012612456,0.4547409121411344,0.2531652380379812,63.16906121137413
1.3842728185105182,2.439752406339273,0.5639091200523596,1.0225704320096403,147.40638632579535
1.4412732890661155,0.13074057728609134,-1.4358621511794394,-0.44004448669698376,-111.80386901269172
-0.19793772898468187,-1.1738799644089726,2.067906338163552,-0.581782033392054,134.17103527485406
-0.3649527295428853,1.0725073373098022,-0.8392096673390064,0.538296079049633,-39.70668288763639
-1.348185422105713,-1.7101683926566256,0.743264094022715,0.3078017688920592,15.27915712295296
2.056207129940322,-1.9663565893760018,-1.1032083657216831,-1.0448091940210336,-136.41981465267668
-1.4183657329330317,0.9325908318730899,-1.7608088119807759,0.22468472575188592,-144.52175628749336
1.502357052096028,0.7175422557959623,0.07409478041977519,-0.26940683444455776,35.90400098852034
0.30381859560487573,-1.3810446031537749,0.7215625051261435,-0.7859860326349823,15.338400130638803
-0.5353350870162231,1.2571492168625729,0.35845361820962024,-0.4500128579958137,39.570843832189446
-0.3540407109410238,0.591814133741378,-0.573601772896901,0.6728612359668199,-23.9112492579638
0.0438114719791096,-0.12982069973342616,-0.14700200162848862,-0.1852876588777083,-19.576797227730083
0.32782117284308526,0.003375506597160999,0.9242701395378298,-2.6357477390168778,16.571241148375258
0.26739231407190295,-0.29027454418865134,0.3216978061960136,0.9190764829877686,48.5678524578913
0.6067230591361827,3.109918556005361,-0.18319661872038787,1.9956674897839644,112.57107402378644
-0.413465161123276,-1.3260476860820383,0.26028050658288615,-0.35976864578908574,-21.71661541597064
0.216624975404619,-0.9379255765363989,-1.0257526836402773,0.33855287628591424,-97.2379024976769
-0.5358014630522978,1.5337277099164992,-1.7073579575929467,-0.6292633936927887,-136.60387195468235
0.6855077387902041,0.7579218499236196,1.8486088332964115,-0.7309562757154733,166.35003677034007
0.5112025995249807,-1.830632896856457,1.3736585451629577,-0.6540756831274238,67.94412466493225
-1.6074832345612275,1.307142754282428,0.1846338585323042,0.22745993460412942,28.365282577810373
0.5689830791852754,-0.5535882417079946,1.628396623128538,1.6777008140764407,178.54470538963517
-0.40968659262949736,1.8296202017160872,0.7123221595801621,0.8929538701087693,118.87938908609826
0.36659824609684827,0.6696725488300385,-0.9398797863273552,-1.3044695005048532,-94.53879400031718
-1.423957152450145,1.5334337012963255,-0.2666523292344148,-2.211861911329507,-65.45899147689637
0.6862601903745135,-1.867265192591748,-1.6127158711896517,2.3146585666735087,-111.18179141092942
-0.9232332461109043,-1.4066610968482223,-1.3516846056163336,-0.6115178029919482,-175.45136556372876
0.6476885381006925,-0.13826430117118466,1.5230298564080254,0.4967141530112327,149.67106247140785
1.5307508323436974,0.5999287299962045,1.2187618516973167,-1.2096947428411076,108.1009511794861
-1.9187712152990415,-0.07444591576616721,-0.026513875449216878,0.25755039072276437,-23.88863193059454
-0.37231905293792283,-1.8831502080585838,0.4373131870389607,0.7127120288613313,9.241783749376534
2.012270445700765,1.090980425185967,1.0237095461069814,0.38680852068920263,149.62828123320674
-0.12545426000290022,-0.25495579355369785,0.3278795241593574,0.5488838353173644,34.71489814181707
0.8004095252276823,0.43192254467394064,0.7542913298135743,-0.6414815952229522,68.96116551953594
2.0883747047807275,-2.8962553781936893,-0.13958962815517376,0.9980101098596522,-21.460281444999524
2.620793091029975,-0.05020461704174478,-1.1119670257741636,-0.29967664800678706,-68.27015664708821
-0.21113023882769444,-0.7191533192424201,-0.987179527151184,-2.151815401329305,-158.57565572558542
1.5792128155073915,-0.23413695694918055,0.7674347291529088,-0.23415337472333597,76.57914396046863
-1.5223591862178911,-1.3526702858435344,1.1126883749899252,-1.0293715081820716,18.47470749916227
-0.7043436905427592,1.0490092258368893,-1.4084612963635597,-0.5227230205190395,-121.09939874807073
-0.7170161491279362,-1.060605066396601,-1.2845842656999693,0.05225849049748321,-142.29517765709434
-0.2595913513636048,1.669021525289393,-1.5031429531181062,-0.3357846992901282,-104.57907528739935
-0.17585440443207118,-1.6431888111541673,1.6614701657280182,-0.10325476014904739,101.40784973378973
0.173180925851182,-1.245738778711988,0.3853173797288368,0.21409374413020396,13.533482935308175
-1.1509935774223028,0.11092258970986608,0.37569801834567196,-0.5443827245251827,4.744463571460641
-1.1022921498364233,0.48387665118803974,0.681359510442948,-0.5312142946075985,40.491275046049765
-0.483186462299374,0.647195939702741,1.5739867632900328,0.39922312260527926,153.01203598624272
0.29307247329868125,0.23225369716100355,-0.7143514180263678,-0.6800247215784908,-69.66934519553506
-0.7050118557584089,0.4190190093660452,-0.05576907765770601,1.6725723868377034,37.55765663100547
-0.5522230442809712,0.4714155563864041,0.6329318177555108,-0.8323555731042287,35.78762865760995
